oppdrag_id;navn
5702-1;Lance
5704-1_1984;Lance
5704-4;Lance
5708-5;Geofjord
5802-1;Lance
5802-2;Lance
5802-4;Lance
58022;Lance
5804-2-NGU;Geofjord
5804-3;Lance
5804-4B;Lance
5804-4_1983;Lance
5900-1;Hydrograf
5900-2;Hydrograf
5903-1_1976;Hydrograf
5903-2-A_1976;Hydrograf
5903-2_1976;Hydrograf
5903-3;Hydrograf
5903-4;Hydrograf
6000-1;Hydrograf
6000-2;Hydrograf
6003-1_1974;Hydrograf
6003-2_1974;Hydrograf
6003-3;Hydrograf
6003-4_1973;Hydrograf
6003-4_1974;Hydrograf
6100-1;Hydrograf
6100-2;Hydrograf
6103-1;Hydrograf
6103-3;Hydrograf
6103-4;Hydrograf
6200-2;Hydrograf
6303-1;Hydrograf
6403-1;Hydrograf
6403-2;Hydrograf
6406-1;Hydrograf
6406-2;Hydrograf
6406-3;Hydrograf
6406-4;Hydrograf
6503-1;Hydrograf
6503-2;Hydrograf
6506-1;Hydrograf
6506-2;Hydrograf
6506-3;Hydrograf
6506-4A;Hydrograf
6506-4B;Hydrograf
6509-1_1992;Lance
650901_1979;Hydrograf
650903_1978;Hydrograf
650904_1977;Hydrograf
6712-1EM;Lance
6712-3EM;Lance
6812-2;Lance
7016-1_1980;Hydrograf
7016-2_1980;Hydrograf
7016-3_1980;Hydrograf
7020-4_1979;Hydrograf
7116-2_1979;Hydrograf
7116-3_1979;Hydrograf
7120-3_1978;Hydrograf
Andoeya;HU Sverdrup II
ArniFridriksson-2010;Arni Fridriksson
Blom-2004-03;Bintang
Blom-2004-08;Bintang
Blom-2004-13;Bintang
Blom-2004-14;Bintang
Blom_2002_001-EM1002;Nordkabel
Blom_2002_002-EM1002;Nordkabel
Blom_2002_003-EM1002;Nordkabel
Blom_2002_004-EM1002;Nordkabel
Blom_2002_05;LADS_Dash8
Blom_2002_06;LADS_Dash8
Blom_2002_07;LADS_Dash8
Blom_2002_08;LADS_Dash8
Blom_2002_09;LADS_Dash8
Blom_2002_10;LADS_Dash8
Blom_2002_11;LADS_Dash8
Blom_2002_12;LADS_Dash8
Blom_2002_13;LADS_Dash8
Blom_2002_area18-19-22-EM3000;Bintang
Blom_2002_area18-19-22_B-EM3000;Bintang
Blom_2002_area23-EM3000;Bintang
Blom_2002_area24-25-EM3000;Bintang
Blom_2002_area26-28-EM3000;Bintang
Blom_2002_area33-EM3000;Bintang
Blom_Nordland;LADS_Dash8
D.Hyd-3-3;Sjømåleren
D.Hyd-3-4;Sjømåleren
Eglacom_SK01;IPY Explora
FFI-96all;Odin Finder
Fedorov2016;Akademik Fedorov
Geocon_rev0198;Geocat
Geocon_rev0298;Geocat
Geocon_rev0398;Geocat
Geocon_rev0498;Geocat
Geocon_rev0598;Geocat
Geocon_rev0698;Geocat
Geocon_rev0798;Geocat
Geocon_rev0898;Geocat
Geocon_rev0998;Geocat
HelmerHanssen-2010-2011-Barentshavet;Helmer Hanssen
I-099;Mb-7
I-102;Mb-7
I-103_1960;Mb-7
I-104_1960;Mb-7
I-106;Mb-7
I-109;Mb-4
I-110;Mb-8
I-111;Mb-8
I-112;Mb-4
I-113;Mb-4
I-114;Mb-7
I-115;Mb-8
I-116;Mb-4
I-118;Mb-8
I-119;Mb-8
I-120;Mb-8
I-121;Mb-4
I-122;Mb-4
I-123A;Mb-7
I-124;Mb-7
I-125;Mb-4
I-127_1963;Mb-8
I-128_1964;Mb-8
I-129_1965;Mb-8
I-130_1965;Mb-8
I-131;Mb-4
I-131A;Oljevern 01
I-132;Mb-4
I-134_1971;Mb-4
I-135_1971;Mb-4
I-136A_1971;Mb-4
I-136B_1971;Mb-4
I-136C_1971;Mb-4
I-136D_1987;Mb-4
I-138;Mb-4
I-139;Mb-4
I-141_1972;Mb-7
I-142_1982;Mb-2
I-142_1987;Mb-4
I-145;Mb-3
I-146;Mb-3
I-146A;Mb-3
I-147;Mb-6
I-148;Mb-6
I-149+A;Oljevern 01
I-150+A;Oljevern 01
I-151;Oljevern 01
I-152;Oljevern 01
I-153;Oljevern 01
I-154A_1955;Mb-7
I-154_1980;Mb-4
I-155A_1981;Mb-4
I-155_1981;Mb-4
I-155_1991;Geofjord
I-156_1982;Mb-4
I-157;Mb-4
I-158;Mb-4
I-158A;Mb-4
I-159A_1985;Mb-4
I-159_1983;Mb-4
I-160_1983;Mb-4
I-160_1987;Mb-4
I-161+A_1984;Mb-4
I-161+A_1987;Mb-4
I-163_1984;Mb-4
I-165_1984;Mb-4
I-166_1_1986;Oljevern 01
I-166_2_1986;Mb-16
I-166_3_1986;Mb-16
I-166_4_1986;Mb-16
I-166_5_1986;Mb-16
I-166_8_1986;Mb-4
I-166_9_1986;Mb-4
I-16710_1986;Mb-16
I-167_45_1987;Mb-4
I-167_6_1986;Mb-4
I-167_7_1986;Mb-4
I-16811_1986;Mb-4
I-16812_1986;Mb-4
I-16813_1986;Mb-4
I-16814_1986;Mb-16
I-16815_1987;Mb-4
I-16816_1986;Mb-4
I-16819_1987;Mb-4
I-16846_1987;Mb-4
I-16847_1987;Mb-4
II-040B_1989;Mb-9
II-042_1943;Mb-4
II-046_1982;Oljevern 01
II-047A_1985;Mb-9
II-047_1985;Mb-9
II-048A_1987;Mb-9
II-048_1992;Mb-9
II-049B_1987;Mb-18
II-049_1987;Mb-9
II-050_1987;Mb-9
II-051_1986;Mb-1
II-052_1986;Mb-1
II-053A_1986;Mb-1
II-053A_1988;Mb-9
II-053_1990;Mb-3
II-056A_1987;Mb-4
II-056_1992;Mb-9
II-059B_1991;Mb-3
II-059_1992;Mb-9
II-066_1990;Mb-9
II-067A_1992;Mb-9
II-067B_1992;Mb-9
II-067C_1993;Mb-9
II-5417_1987;Mb-4
II-5418_1987;Mb-4
II-5420_1987;Mb-4
II-5421_1987;Mb-4
II-5423_1987;Mb-4
II-5424_1987;Mb-4
II-5448_1987;Mb-4
II-5452_1986;Mb-18
III-049_1944;Mb-4
III-051A;Mb-9
III-052-1;Mb-10
III-052-2;Mb-10
III-053;Mb-7
III-054;Mb-8
III-055;Mb-7
III-056;Mb-7
III-057;Mb-5
III-058;Mb-8
III-059;Mb-8
III-059A;Mb-2
III-061;Mb-4
III-062;Mb-4
III-063_1966;Mb-3
III-064;Mb-9
III-064A;Mb-2
III-065_1967;Sjøskvett
III-066_1980;Mb-2
III-067_1980;Mb-2
III-068;Sjøskvett
III-069_1967;Mb-9
III-069_1968;Mb-9
III-069a;Mb-9
III-070_1967;Mb-9
III-070_1968;Mb-9
III-070_1969;Mb-9
III-071_1967;Mb-4
III-071_1968;Mb-9
III-072_1967;Mb-4
III-072_1968;Mb-9
III-072_a_1985;Mb-9
III-072_a_1986;Mb-9
III-073;Sjømåleren
III-074_1968-69;Mb-10
III-075_1968;Mb-10
III-076_1969-70;Mb-8
III-078_1986;Mb-9
III-079_1979;Mb-2
III-080_1978;Mb-13
III-082_1982;Mb-4
III-082_1985_A;Mb-4
III-082_1985_B;Mb-4
III-082_1986_A;Mb-16
III-082_1986_B;Mb-4
III-082_1988_A;Mb-4
III-082_1988_B;Mb-4
III-083_1987_A;Mb-1
III-083_1988;Mb-9
III-083_B_1987;Mb-1
III-084A_1985;Mb-9
III-084_1982;Lance
III-085_1982;Lance
III-086_1982;Lance
III-087;Lance
III-088_1982;Lance
III-089_A_1986;Mb-4
III-089_B_1986;Mb-18
III-089_B_1987;Mb-4
III-089_B_1988;Mb-2
III-089_auto_1992;Mb-9
III-090_1985;Mb-9
III-090_1986;Mb-9
III-090_a,b_1992;Mb-9
III-090_c__1992;Mb-9
III-091_1986;Mb-9
III-091_1986_2;Mb-9
III-091_1988;Mb-2
III-092;Mb-6
III-093_1985;Mb-9
III-093_1986;Mb-9
III-094_37_1987;Mb-4
III-095_39;Mb-9
III-095_70_1986;Oljevern 02
III-096A_1993;Mb-9
III-096B_1993;Mb-9
III-096C_1993;Mb-9
III-096D_1989;Mb-9
III-097A_1987;Mb-1
III-097B_1991;Mb-9
III-097_1991;Mb-4
III-100_1989;Lance
III-81A_1979;Mb-2
III-81_1979;Mb-13
III-9433_1987;Mb-1
III-9435_1987;Mb-4
III-9436_1987;Mb-4
III-9459_1987;Mb-18
III-9461_1987;Mb-18
III-9462_1987;Mb-1
III-9560_1987;Mb-18
III-9563_1987;Mb-1
III-9830_1987;Mb-1
III-9831_1987;Mb-1
III-9834_1988;Mb-2
III-9858_1987;Mb-1
III-9899_1987;Mb-1
IV-035A1_1989;Oljevern 01
IV-035A2_1988;Oljevern 01
IV-035A3_1989;Oljevern 01
IV-035A4_1989;Oljevern 01
IV-039_1988;Mb-4
IV-039_1989;Mb-2
IV-039skisse-3;Oljevern 01
IV-039skisse-3ny;Oljevern 01
IV-056A_1983;Oljevern 02
IV-074AEM;Geofjord
IV-074A_1994;Geofjord
IV-078AEM;Lance
IV-092_1961;Mb-4
IV-093B_1984;Oljevern 02
IV-093_1961;Mb-2
IV-101+105_1975;Mb-5
IV-102A_1979;Mb-6
IV-103_1976;Mb-4
IV-104A_1975;Mb-4
IV-106+A_1975;Mb-5
IV-106A_1979;Mb-9
IV-107_1975;Mb-5
IV-108_1976;Mb-2
IV-109_1976;Mb-4
IV-110_1977;Mb-4
IV-111_1985;Mb-9
IV-112_1985;Mb-9
IV-113_1985;Mb-9
IV-114_1982;Mb-15
IV-115_1978;Mb-8
IV-116_1983;Mb-6
IV-117_1978;Mb-2
IV-118A;Oljevern 02
IV-118B_1981;Mb-2
IV-118C_1981;Mb-2
IV-118D_1981;Mb-2
IV-118S2;Oljevern 04
IV-118_1979;Mb-19
IV-119_1983_85;Mb-9
IV-120_1984-85;Mb-9
IV-121_1983;Oljevern 02
IV-122_1983-84;Mb-1
IV-123_1979;Mb-2
IV-124_1980;Mb-2
IV-125_1981;Mb-2
IV-126A_1988;Oljevern 01
IV-126_1979;Mb-20
IV-127_1979;Mb-2
IV-128_1980;Oljevern 02
IV-129_1980;Oljevern 02
IV-130_1982;Mb-2
IV-131_1987;Sjøtroll
IV-132_1982;Mb-2
IV-133_1978;Mb-2
IV-134_1978;Mb-2
IV-135_1978;Mb-4
IV-136_1979;Mb-2
IV-137_1980;Mb-2
IV-138_1981;Mb-3
IV-139_1981;Mb-9
IV-140_1981;Mb-9
IV-141B_1983;Mb-18
IV-141_1981;Mb-2
IV-142_1981;Mb-9
IV-143_1981;Mb-2
IV-144_1981;Mb-2
IV-145_1981;Mb-2
IV-146A_1981;Mb-2
IV-146_1985;Mb-3
IV-148A_1989;Oljevern 01
IV-148B_1988;Mb-16
IV-149_1990;Mb-4
IV-151A_1994;Oljevern 04
IV-151EM;Lance
IV-152A_1994;Mb-4
IV-152B_1994;Mb-5
IV-152EM;Geofjord
IV-153EM;Geofjord
IV-153_1993;Mb-2
IV-154EM;Geofjord
IV-154_1994;Mb-19
IV-155A_1995;Oljevern 04
IV-155B_1995;Oljevern 04
IV-157EM;Geofjord
IX-092;Mb-4
IX-093;Mb-7
IX-094+A+B;Mb-3
IX-095;Mb-3
IX-096;Mb-14
IX-096A;Mb-20
IX-101_1978;Mb-14
IX-102;Mb-5
IX-103;Mb-6
IX-104;Sjøvern
IX-105;Mb-5
IX-106_1980;Mb-7
IX-107;Mb-1
IX-108;Mb-1
IX-109;Mb-5
IX-110A_1983;Mb-6
IX-110B_1983;Mb-15
IX-111A_1979;Mb-9
IX-111_1982;Mb-5
IX-111_1983;Mb-7
IX-112_1984;Mb-6
IX-113A_1980;Mb-5
IX-113_1984;Mb-1
IX-114A_1979-81;Oljevern 04
IX-114B_1979-81;Oljevern 04
IX-114C_1979-81;Oljevern 04
IX-114D_1979-81;Oljevern 04
IX-114E_1979-81;Oljevern 04
IX-114F_1979-81;Oljevern 04
IX-114G_1979-81;Oljevern 04
IX-114H_1979-81;Oljevern 04
IX-114I_1979-81;Oljevern 04
IX-114J_1979-81;Oljevern 04
IX-114K_1979-81;Oljevern 04
IX-114L_1979-81;Oljevern 04
IX-114M_1979-81;Oljevern 04
IX-114N_1978-81;Oljevern 04
IX-114_1986;Mb-7
IX-115A_1986;Oljevern 04
IX-116A_1984;Mb-7
IX-116B_1984;Mb-7
IX-116_1990;Mb-5
IX-117A_1983;Mb-1
IX-117_1990;Mb-5
IX-118_1987;Oljevern 04
IX-118_1990;Mb-5
IX-119_1987;Mb-5
IX-122_1986;Mb-5
IX-123;Hydrograf
IX-124;Mb-1
IX-125A;Mb-1
IX-125_1988;Mb-20
IX-128;Mb-5
IX-128A_1989;Oljevern 04
IX-129;Mb-5
IX-132;Mb-1
IX-134;Mb-20
IX-137;Mb-5
IX-138;Mb-20
IX-143;Oljevern 04
IX-144;Mb-20
IX-148_1979;Mb-14
IX-149_1984;Mb-15
IX-150;Mb-5
IX-151;Mb-7
IX-152-D;Mb-5
IX-152A;Mb-5
IX-152_1987;Mb-5
IX-153_1987;Oljevern 04
IX-154A;Oljevern 04
IX-154_1987;Mb-15
IX-155;Mb-5
IX-156;Mb-5
IX-166;Mb-8
IX-167;Oljevern 04
IX-168EM_92;Lance
IX-169B_auto_1992;Mb-5
IX-169_auto_1992;Oljevern 04
IX-171;Mb-5
IX-172;Mb-5
IX-173;Mb-5
Indrehavn;Pingeline
JR253;RRS James Clarke Ross
Merian_MSM21_4;RV Maria S. Merian
NH0202;Western Regent
NH0301;R/V Geo Pacific
NH0302;Geco Baltic
NH0303;Geco Baltic
NH0373;SV Geograph
NHO167_gossene;Geocat
NHO167_gossenne;Geocat
NHO167_gossennw;Geocat
NHO167_gossenw;Geocat
NHO365_11277;Geocat
NHO365_11279;Geocat
OD_norskehavet_00;Sea Surveyor
OD_norskehavet_01_1;MV Ocean Endeavour
OD_norskehavet_01_2;MV Ocean Endeavour
OD_norskehavet_01_3;MV Ocean Endeavour
OD_norskehavet_01_4;MV Ocean Endeavour
OD_norskehavet_01_5;MV Ocean Endeavour
OD_norskehavet_01_6;MV Ocean Endeavour
OD_norskehavet_99;Sea Surveyor
Sjoedrev-0296;Mb-4
Svalsat_EM1002;Geoconsult as.
Svalsat_EM300;Geoconsult as.
Testfelt_Andenes_2016;Lomvi
Testfelt_Harstad_2016;Lomvi
Testfelt_Trondheim_2015;Lomvi
U-486_U864;HU Sverdrup II
V-002a_1952;Sjømåleren
V-003a_1952;Sjømåleren
V-01A;Sjømåleren
V-104;Maasen
V-107AEM;Mb-8
V-109_1949-51;Mb-1
V-110_1950;Mb-8
V-112_1950;Vøringen
V-113_1950-52;Mb-8
V-115;Sjøvern
V-116;Vøringen
V-117;Mb-4
V-118;Mb-3
V-119;Mb-8
V-120;Vøringen
V-121;Sjøvern
V-122;Maasen
V-123;Maasen
V-123_digg;Mb-1
V-124;Mb-5
V-125;Mb-2
V-126;Mb-3
V-127;Mb-8
V-128;Mb-8
V-129;Mb-7
V-130_1954;Mb-8
V-131_1954;Mb-8
V-134_1953;Mb-4
V-135;Mb-4
V-136_1954;Mb-8
V-137_1954;Mb-8
V-138_1954;Mb-8
V-139_1954;Mb-8
V-140_1954;Mb-8
V-141_1955;Mb-8
V-142_1959;Mb-7
V-143_1955;Mb-6
V-144;Mb-1
V-145;Mb-1
V-146;Mb-1
V-147;Mb-6
V-148;Mb-8
V-149;Mb-6
V-150;Vøringen
V-151;Vøringen
V-152;Vøringen
V-153;Mb-4
V-155_1957;Mb-5
V-156;Mb-4
V-157;Mb-1
V-158_1959;Mb-2
V-160;Mb-4
V-161;Mb-2
V-162_1959;Petrellen
V-163_1959;Petrellen
V-164_1959;Petrellen
V-165;Mb-3
V-166;Mb-4
V-166B_1988;Mb-4
V-167;Mb-8
V-168;Mb-8
V-169;Mb-3
V-171;Mb-9
V-172;Mb-8
V-173;Mb-9
V-174;Mb-12
V-175;Mb-1
V-175A;Mb-1
V-176;Maasen
V-176A;Mb-1
V-177;Mb-12
V-178;Mb-13
V-179;Mb-2
V-179A;Mb-6
V-180;Mb-11
V-181;Mb-1
V-181A;Mb-1
V-182;Mb-13
V-183;Mb-9
V-184;Mb-8
V-185;Mb-8
V-186;Mb-8
V-187;Mb-8
V-187B;Mb-8
V-188;Mb-8
V-189;Mb-8
V-190;Mb-9
V-190A;Mb-9
V-191;Mb-9
V-192;Mb-13
V-193;Mb-1
V-193A;Mb-10
V-194;Mb-12
V-195_1;Mb-8
V-195_2;Mb-8
V-197;Lance
V-197A;Lance
V-198_1988;Oljevern 01
V-198_1989;Oljevern 01
V-199_k29_1988;Sjøtroll
V-199_ny_1988;Mb-16
V-200_1989;Oljevern 01
V-201A_1988;Oljevern 01
V-201_1_1988;Mb-4
V-203_1991;Mb-19
V-203_91;Oljevern 03
V-205EM;Geofjord
V-206EM;Geofjord
V-207EM;Geofjord
V-208EM;Geofjord
V-209_1_1988;Mb-4
V-209_2_1988;Mb-4
V-209_3_1989;Oljevern 01
V-209_4_1988;Mb-4
VI-055;Mb-4
VI-056;Mb-3
VI-057;Sjøvern
VI-058;Mb-5
VI-059;Mb-5
VI-060;Mb-2
VI-061;Mb-3
VI-062;Mb-4
VI-064;Mb-3
VI-065;Mb-3
VI-066;Mb-3
VI-067;Mb-8
VI-068;Mb-8
VI-069;Mb-8
VI-070;Mb-4
VI-072;Sjøskvett
VI-073_1960;Sjømåleren
VI-074_1960;Sjøvern
VI-076_1963-1965;Mb-3
VI-077_1961;Mb-5
VI-078_1961;Sjøfalk
VI-079;Mb-5
VI-080_1964;Sjøskvett
VI-081;Mb-1
VI-082;Mb-1
VI-083_1962;Mb-1
VI-084_1963;Mb-12
VI-085_1964;Petrellen
VI-086_1964;Mb-10
VI-087_1963;Mb-3
VI-106;Mb-12
VI-107_1968;Mb-1
VI-109_1969;Mb-3
VI-110;Mb-3
VI-111;Mb-4
VI-113_1969;Mb-3
VI-115_1969-1972;Mb-5
VI-116_1969;Mb-13
VI-118;Mb-6
VI-119_1972;Mb-8
VI-120_1971;Sjøfalk
VI-122;Mb-8
VI-123_1969;Mb-8
VI-124_1969;Mb-8
VI-125_1969;Hydrograf
VI-127;Hydrograf
VI-128;Hydrograf
VI-129;Hydrograf
VI-130;Hydrograf
VI-131;Hydrograf
VI-132;Hydrograf
VI-133;Hydrograf
VI-134;Hydrograf
VI-144_1971-1972;Sjørokk
VI-145_1972;Mb-5
VI-146_1971;Mb-5
VI-149_1973;Mb-5
VI-151;Mb-5
VI-153_1973;Mb-8
VII-035;Hydrograf
VII-036;Hydrograf
VII-047_1975-77;Mb-10
VII-048;Mb-10
VII-051_1971;Mb-11
VII-054;Mb-11
VII-055;Mb-3
VII-056;Mb-3
VII-057;Mb-10
VII-058;Mb-10
VII-058A;Mb-10
VII-059;Mb-10
VII-060;Mb-14
VII-061;Mb-14
VII-087_1979;Mb-11
VII-088_1978-79;Mb-11
VII-098;Mb-18
VII-110EM;Geofjord
VIII-064_1973-74;Hydrograf
VIII-065;Sjøvern
VIII-066;Hydrograf
VIII-067;Sjøvern
VIII-068-1;Mb-14
VIII-068-2;Mb-14
VIII-068-3;Mb-14
VIII-068_havn;Mb-10
VIII-069;Mb-3
VIII-069A;Mb-10
VIII-070;Mb-10
VIII-071;Mb-15
VIII-072_1975;Mb-16
VIII-072_1977;Mb-12
VIII-073;Mb-15
VIII-073A;Mb-15
VIII-076A_1980;Mb-6
VIII-076_1980;Sjødrev
VIII-082_1975;Mb-10
VIII-083;Mb-9
VIII-084;Mb-12
VIII-085;Mb-8
VIII-086_1975-77;Mb-3
VIII-087;Mb-2
VIII-088;Mb-9
VIII-089;Mb-9
VIII-090;Mb-3
VIII-091;Mb-8
VIII-092;Mb-8
VIII-093;Mb-8
VIII-094;Mb-14
VIII-095;Mb-12
VIII-096;Mb-12
VIII-097;Mb-9
VIII-097A;Mb-9
VIII-098;Mb-9
VIII-098A-1;Mb-9
VIII-098A-2;Mb-9
VIII-098a;Mb-17
VIII-101;Mb-6
VIII-102_1978;Mb-1
VIII-113A;Oljevern 04
VIII-114_1987;Mb-5
VIII-115;Mb-14
VIII-116;Mb-9
VIII-117;Oljevern 04
VIII-119_1987;Mb-5
VIII-120_1987;Mb-5
VIII-121_1991;Oljevern 04
VIII-122_1988;Mb-5
X-120_1954;Mb-5
X-121_1954;Mb-4
X-122_1954;Sjøvern
X-123_1954;Sjøvern
X-125_1958;Mb-4
X-126_1958;Mb-4
X-127;Mb-4
X-128;Mb-4
X-129;Mb-4
X-130;Mb-18
X-130A;Mb-15
X-130B;Mb-20
X-131;Mb-15
X-132;Mb-15
X-133A_1980;Mb-3
X-133_1992;Oljevern 02
X-136_1981;Mb-5
X-147A_1982;Oljevern 03
X-147_1981;Oljevern 03
X-148EM;Geofjord
X-148EM-A;Geofjord
X-148EM-B;Geofjord
X-148_auto_1993;Mb-8
X-150_1985;Mb-5
X-151A;Mb-5
X-151_1985;Mb-5
X-152_1981;Oljevern 03
X-153A_1988;Sjøfalk
X-153_1991;Mb-17
X-155A_1988;Sjøfalk
X-156;Mb-3
X-162;Mb-8
X-163;Mb-8
X-164;Mb-17
X-165;Mb-8
X-166;Mb-19
X-166_1985A;Mb-5
X-166_1985B;Mb-17
X-167_1985;Mb-17
X-168B_1988;Mb-7
X-168_1988;Mb-7
X-169A;Mb-5
X-169B;Mb-5
X-170_1986;Mb-5
X-171_1985;Mb-5
X-172;Mb-5
X-173;Mb-8
X-174;Mb-8
X-175;Mb-8
X-176_1985;Mb-3
X-177_1987;Mb-7
X-179;Sjøfalk
X-180;Sjøfalk
X-182_1987;Sjøfalk
X-186;Mb-8
X-186A;Mb-17
X-187;Mb-8
X-187A_1987-88;Mb-8
X-187bb_1991;Oljevern 02
X-188_1987;Sjøfalk
X-189_1988;Sjøfalk
X-190_1988;Mb-15
X-191_1987;Sjøfalk
X-192_1988;Mb-7
X-195;Mb-8
X-197_1988;Sjøfalk
X-198;Mb-8
X-199;Mb-8
X-201_1988-89;Mb-8
X-204A_1990;Mb-8
X-204_1990;Mb-8
X-205EM;Geofjord
X-205ny_1989;Mb-5
X-206_auto_1991;Mb-1
X-209_1992;Mb-8
X-210_1992;Mb-8
X-211;Mb-5
X-211EM;Lance
X-212_1992;Oljevern 02
X-214;Oljevern 02
X-215;Lance
X-215_1992;Oljevern 02
X-216_1992;Mb-8
X-217auto;Oljevern 02
X-218A_1993;Mb-8
X-218B_1993;Mb-8
X-218EM;Sjømåleren
X-218_1993;Mb-8
X-219auto;Mb-17
X-220EM;Geofjord
X-220auto;Oljevern 02
X-221A+Bauto;Mb-3
XI-117;Vøringen
XI-120;Vøringen
XI-122_1966;Mb-4
XI-123D_1967;Mb-11
XI-124D_1967;Mb-11
XI-125_1967;Mb-11
XI-126_1966;KNM Tana
XI-128_1966;KNM Tana
XI-129_1967;KNM Kvina
XI-131D_1967;KNM Kvina
XI-132_1967;KNM Kvina
XI-134D;KNM Kvina
XI-137D;Mb-11
XI-138D;Mb-11
XI-139D;Mb-11
XI-141;Mb-15
XI-142A;Mb-15
XI-142B;Mb-15
XI-143_1980;Mb-13
XI-144A;Mb-15
XI-144B;Mb-15
XI-144C;Mb-15
XI-144D;Mb-15
XI-144E;Mb-15
XI-145;Mb-8
XI-146A;Mb-8
XI-146B;Mb-8
XI-149;Mb-8
XI-149B_1990;Mb-17
XI-150;Mb-8
XI-151;Mb-8
XI-152;Oljevern 03
XI-152_hasvikhavn;Oljevern 03
XI-156;Mb-8
XI-157;Mb-5
XI-158_1982;Mb-5
XI-159A_1983;Mb-3
XI-159_1983;Mb-3
XI-160_1983;Mb-3
XI-161;Mb-3
XI-162_1983;Mb-3
XI-163_1985;Mb-8
XI-164;Mb-3
XI-165_1983;Mb-5
XI-166_1982;Mb-5
XI-167_1983;Mb-5
XI-168_1983;Mb-5
XI-169_1983;Mb-20
XI-170;Mb-17
XI-171;Mb-17
XI-172;Mb-17
XI-173;Mb-17
XI-174;Mb-17
XI-174A;Mb-17
XI-175;Mb-8
XI-176;Mb-8
XI-177;Mb-17
XI-178+A;Mb-17
XI-179_1990;Oljevern 03
XI-181;Mb-3
XI-182;Mb-3
XI-183;Mb-5
XI-184_1986;Mb-8
XI-185;Mb-3
XI-186;Mb-3
XI-187;Mb-3
XI-188;Mb-20
XI-189;Mb-3
XI-189A;Mb-8
XI-190;Mb-3
XI-191_1985;Mb-3
XI-194;Oljevern 03
XI-195;Mb-8
XI-196_1984;Mb-3
XI-197_1985;Mb-3
XI-198;Mb-8
XI-199_1986;Mb-5
XI-200;Mb-20
XI-201;Mb-20
XI-202_1985_87;Mb-8
XI-203A_1988;Mb-17
XI-203_1990;Oljevern 03
XI-204A_1986;Mb-8
XI-204_1990;Oljevern 03
XI-205_1982_88;Mb-8
XI-206A_1986_88;Oljevern 03
XI-206B_1986_88;Mb-8
XI-206_1990;Oljevern 03
XI-207;Mb-8
XI-207A;Mb-17
XI-207B;Mb-17
XI-208_1986;Mb-8
XI-209;Oljevern 03
XI-211_1987;Oljevern 03
XI-212_1989;Mb-8
XI-213_1989;Mb-8
XI-214_1989;Oljevern 03
XI-215;Mb-8
XI-215A;Mb-8
XI-215B;Mb-8
XI-217;Mb-3
XI-218;Mb-8
XI-218_1990;Mb-5
XI-221_1990;Oljevern 03
XI-224A;Mb-3
XI-224B;Mb-3
XI-226;Mb-3
XI-229_1991;Mb-8
XI-230_1990;Mb-8
XI-231EM;Geofjord
XI-232EM;Geofjord
XI-234EM;Sjømåleren
XI-235EM;Sjømåleren
XII-081_1980;Mb-15
XII-082_1980;Mb-15
XII-083;Mb-18
XII-084;Mb-8
XII-093EM_1993-94;Lance
XII-094A_1995;Mb-8
XII-094B_1995;Mb-8
XII-095A_1994-95;Mb-3
XII-095B_1994;Mb-3
XII-095C_1995;Mb-8
XII-095EM;Lance
XII-096EM_1994;Lance
XII-097EM_1995;Geofjord
XII-097EM_OEST_1995;Sjømåleren
XII-098EM_1995;Geofjord
XIII-016SK;Sjøfalk
XIII-019;Lance
XIII-029;Sjøfalk
XIII-035;Sjøfalk
XIII-040;Sjøfalk
XIII-051;Sjøfalk
XIII-052;Sjøfalk
XIII-053;Sjøfalk
XIII-054;Sjøfalk
XIII-054A;Sjøfalk
XIII-054B;Sjøfalk
XIII-055;Sjøfalk
XIII-056;Sjøfalk
XIII-057;Lance
XIII-058;Sjøfalk
XIII-059;Sjøfalk
XIII-233EM_93_94;Lance
XIII-236;Sjøfalk
XIII-244;Lance
XIII-245;Lance
XIII-246;Lance
arbeidsbaat-0796;Sjømåleren
arbeidsbaat-0797;arbeidsbaat
arbeidsbaat-0897;arbeidsbaat
arbeidsbaat-1499;arbeidsbaat
arbeidsbaat-1698;arbeidsbaat
arbeidsbaat-1798;arbeidsbaat
arbeidsbaat-1898;arbeidsbaat
arbeidsbaat-1998;arbeidsbaat
arbeidsbaat-3400;arbeidsbaat
bathy_topas_0103;HU Sverdrup II
bathy_topas_0203;HU Sverdrup II
bathy_topas_0203b;HU Sverdrup II
bathy_topas_0203c;HU Sverdrup II
bergenhavn_2000_blom;Bintang
blom-1999-01;Bintang
blom-2003-001;Bintang
blom-2005-03;LADS_Dash8
blom-2005-05;Bintang
blom-2005-06;LADS_Dash8
blom-2005-07;LADS_Dash8
blom-2005-08;LADS_Dash8
blom-2007-01;Nordkabel
blom-2007-02;Bintang
blom-2007-03;Nordkabel
blom-2007-04;Bintang
blom-2007-05;Bintang
blom-2007-06;Nordkabel
blom-2007-07;Bintang
blom-2007-08;Bintang
blom-2007-09;Bintang
blom-2007-11;Bintang
blom-2007-12;Bintang
blom_2006_01;LADS_Dash8
blom_2006_02;LADS_Dash8
blom_2006_03;Bintang
blom_2006_04;LADS_Dash8
blom_fedje_laser;LADS_Dash8
blom_oygarden_laser;LADS_Dash8
blom_sognesjoen_laser;LADS_Dash8
blom_ytresula_laser;LADS_Dash8
d66032;Hydrograf
d66061;Hydrograf
d66062;Hydrograf
d66063;Hydrograf
d66064;Hydrograf
d66091;Hydrograf
d66092;Hydrograf
d66093;Hydrograf
d66094;Hydrograf
d67062;Hydrograf
em3000_test;Mb-20
ffi-0197;HU Sverdrup II
ffi-0198;Odin Finder
ffi-0199;HU Sverdrup II
ffi-0199_korsfjorden;Odin Finder
ffi-0298;HU Sverdrup II
ffi-0299;HU Sverdrup II
ffi-0399;HU Sverdrup II
ffi-0497;HU Sverdrup II
ffi-0498;HU Sverdrup II
ffi-051999;HU Sverdrup II
ffi-0597;HU Sverdrup II
ffi-0598;HU Sverdrup II
ffi-0698;HU Sverdrup II
ffi-0798;HU Sverdrup II
ffi-0799;HU Sverdrup II
ffi-091999;HU Sverdrup II
ffi-0998;HU Sverdrup II
ffi-1199;HU Sverdrup II
fosae-2007-01;MV Victor Hensen
fosae-2007-02;MV Victor Hensen
fosae-2007-03;MV Victor Hensen
fosae-2007-04;MV Victor Hensen
fosae-2007-05;MV Victor Hensen
fosae-2007-06;MV Victor Hensen
fosae-2007-07;MV Meridian
fosae-2007-08;MV Victor Hensen
fosae-2007-09;MV Victor Hensen
fosae-2007-10;MV Victor Hensen
fosae-2007-11;MV Victor Hensen
fosae-2007-12;MV Victor Hensen
fosae-2007-13;MV Victor Hensen
fosae-2007-14;MV Victor Hensen
fosae-2007-15;MV Victor Hensen
fosae-2007-16;MV Victor Hensen
fosae-2007-17;MV Victor Hensen
fosae-2007-18;MV Victor Hensen
fosae-2007-19;MV Victor Hensen
fosae-2007-20;MV Victor Hensen
fosae-2007-21;MV Victor Hensen
fosae-2007-22;MV Victor Hensen
fosae-2007-23;MV Victor Hensen
fosae-2007-24;MV Victor Hensen
fosae-2007-25;MV Victor Hensen
fosae-2008-01;MV Victor Hensen
fosae-2008-02;MV Victor Hensen
fosae-2008-03;MV Victor Hensen
fosae-2008-04;MV Victor Hensen
fosae-2008-05;MV Victor Hensen
fosae-2008-06;MV Victor Hensen
fosae-2008-07;MV Victor Hensen
fosae-2008-08;MV Victor Hensen
fosae-2008-09;MV Victor Hensen
fosae-2008-10;MV Victor Hensen
fosae-2008-11;MV Victor Hensen
fosae-2010-02;MV Fugro Gauss
fosae-2010-03;MV Fugro Gauss
fosae-2010-04;MV Fugro Gauss
fosae-2010-05;MV Fugro Gauss
fosae-2010-06;MV Fugro Gauss
fosae-2010-07;MV Fugro Gauss
fosae-2010-08;MV Fugro Gauss
fosae-2010-09;MV Fugro Gauss
fosae-2012-B12;MV Victor Hensen
fosae-2012-B13;MV Victor Hensen
fosae-2012-B14;MV Victor Hensen
fosae-2012-B15;MV Victor Hensen
fosae-2012-B16;MV Victor Hensen
fosae-2012-B17;M/V Karoline
fosae-2012-B18;MV Victor Hensen
fosae-2012-B19;MV Victor Hensen
fosae-2012-B20;M/V Karoline
fosae-2012-B21;MV Victor Hensen
fosae-2012-B22;MV Victor Hensen
fosae-2012-B23;MV Victor Hensen
fosae-2012-B24;MV Victor Hensen
fosae-2012-B25;MV Victor Hensen
fosae-2012-B26;MV Victor Hensen
fosae-2012-B27;MV Victor Hensen
fosae-2012-B28;MV Victor Hensen
fosae-2012-B29;MV Fugro Gauss
fosae-2012-B30;MV Victor Hensen
fosae-2012-B31;MV Victor Hensen
fosae-2012-B32;M/V Karoline
fosae-2012-B33;MV Fugro Gauss
fosae-2012-B34;MV Fugro Gauss
fosae-2012-B35;MV Fugro Gauss
fosae-2012-B36;M/V Karoline
fosae-2012-B37;M/V Karoline
fosae-2012-B38;MV Fugro Gauss
fosae-2012-B39;MV Fugro Gauss
fosae-2012-B40;MV Fugro Gauss
fosae-2012-B41;MV Fugro Gauss
fosae-2012-B42;MV Fugro Gauss
fosae-2012-B43;MV Fugro Gauss
fosae-2012-B44;MV Fugro Gauss
fosae-2012-S01;MV Fugro Gauss
fosae-2012-S02;MV Fugro Gauss
fosae-2012-S03;MV Fugro Gauss
fosae-2012-S04;MV Fugro Gauss
fosae-2012-S05;MV Fugro Gauss
fosae-2012-S06;MV Fugro Gauss
fosae-2012-S07;MV Fugro Gauss
fosae-2012-S08;MV Fugro Gauss
fosae-2012-S09;MV Fugro Gauss
fosae-2012-S10;MV Fugro Gauss
fosae-2013-D01;M/V Karoline
fosae-2013-D02;MV Victor Hensen
fosae-2013-D03;MV Victor Hensen
fosae-2013-D04;MV Victor Hensen
fosae-2013-D05;MV Victor Hensen
fosae-2013-D06;MV Victor Hensen
fosae-2013-D07;MV Victor Hensen
fosae-2013-D08;MV Victor Hensen
fosae-2013-D09;MV Victor Hensen
fosae-2013-D11;MV Victor Hensen
fosae-2013-D12;MV Victor Hensen
fosae-2013-D13;MV Victor Hensen
fosae-2013-D14;MV Victor Hensen
fosae-2013-D16;MV Victor Hensen
fosae-2013-D18;MV Victor Hensen
fosae-2013-D19;M/V Karoline
fosae-2013-D21;M/V Karoline
fosae-2013-D22;M/V Karoline
fosae-2013-D23;M/V Karoline
fosae-2013-D24;M/V Karoline
fosae-2013-D25;M/V Karoline
fosae-2013-D27;M/V Karoline
fosae-2013-D28;M/V Karoline
fosae-2013-D29;M/V Karoline
fosae-2013-H01;M/V Karoline
fosae-2013-H02;M/V Karoline
fosae-2013-H03;M/V Karoline
fosae-2013-H04;M/V Karoline
fosae-2013-M02;M/V Karoline
fosae-2013-M03;M/V Karoline
fosae-2014-E01;MV Victor Hensen
fosae-2014-E02;MV Victor Hensen
fosae-2014-E03;M/V Karoline
fosae-2014-E05;MV Victor Hensen
fosae-2014-E06;MV Victor Hensen
fosae-2014-E07;MV Victor Hensen
fosae-2014-E08;M/V Karoline
fosae-2014-E09;MV Victor Hensen
fosae-2014-E10;MV Victor Hensen
fosae-2014-E11;MV Victor Hensen
fosae-2014-EKN01;M/V Karoline
fosae-2014-EKN02;M/V Karoline
fosae-2014-EKN03;M/V Karoline
fosae-2014-EKN04;M/V Karoline
fosae-2014-EKN06;M/V Karoline
fosae-2014-EKN07;M/V Karoline
fosae-2014-EKN09;M/V Karoline
fosae-2014-EKN10;M/V Karoline
fosae-2014-EKN11;M/V Karoline
fosae-2014-EKN13;M/V Karoline
fosae-2014-EKN14;M/V Karoline
fosae-2014-EKS01;M/V Karoline
fosae-2014-EKS02;M/V Karoline
fosae-2014-EKS03;M/V Karoline
fosae-2014-EKS04;M/V Karoline
fosae-2014-EKS05;M/V Karoline
fosae-2014-SKL01;M/V Karoline
fosae-2014-SKL02;M/V Karoline
fosae-2014-SKL03;M/V Karoline
fosae-2015-BH02;M/V Karoline
fosae-2015-BH03;M/V Karoline
fosae-2015-BH04;M/V Karoline
fosae-2015-BH06;M/V Karoline
fosae-2015-BH_Transit;M/V Karoline
fosae-2015-F01;M/V Karoline
fosae-2015-F02;M/V Karoline
fosae-2015-F03;M/V Karoline
fosae-2015-F05;M/V Karoline
fosae-2015-F06;M/V Karoline
fosae-2015-F08a;M/V Karoline
fosae-2017-G3;MV Fugro Discovery
fosae-2017-G4;MV Fugro Discovery
fosae-2017-G5;MV Fugro Discovery
fosae-2017-H05;M/V Karoline
fosae-2017-KF-dyp;MV Fugro Discovery
fosae-2017-SK01;MV Fugro Helmert
fosae-2017-SK02;MV Fugro Helmert
fosae-2017-SK03;MV Fugro Helmert
fosae-2017-SK04;MV Fugro Discovery
fosae-2017-TDB-B5;MV Fugro Gauss
fosae-2017-kvitoya-OD;M/V Karoline
franklin-2009-01;M/V Franklin
franklin-2009-02;M/V Franklin
franklin-2009-03;M/V Franklin
franklin-2009-04;M/V Franklin
franklin-2009-05;M/V Franklin
franklin-2009-06;M/V Franklin
franklin-2009-07;M/V Franklin
franklin-2009-08;M/V Franklin
franklin-2009-11;M/V Franklin
franklin-2011-01;M/V Franklin
franklin-2011-02;M/V Franklin
franklin-2011-03;M/V Franklin
franklin-2011-04;M/V Franklin
franklin-2011-05;M/V Franklin
franklin-2011-06;M/V Franklin
franklin-2011-07;M/V Franklin
franklin-2011-08;M/V Franklin
franklin-2011-09;M/V Franklin
franklin-2011-10;M/V Franklin
franklin-2011-101;M/V Franklin
franklin-2011-102;M/V Franklin
franklin-2011-103;M/V Franklin
franklin-2011-104;M/V Franklin
franklin-2011-105;M/V Franklin
franklin-2011-106;M/V Franklin
franklin-2011-108;M/V Franklin
franklin-2011-11;M/V Franklin
franklin-2011-110;M/V Franklin
franklin-2011-12;M/V Franklin
franklin-2011-13;M/V Franklin
franklin-2011-14;M/V Franklin
franklin-2011-15;M/V Franklin
franklin-2011-16;M/V Franklin
franklin-2011-17;M/V Franklin
franklin-2011-18;M/V Franklin
fugro-2002-001;M/V Geo Prospector
fugro-2004-001;ConCat
fusa-0197;Mb-4
geiranger-2003-01;Bintang
geoconsult-0197;Geocat
geoconsult_em3000;Geocat
gosars-0104;G.O. Sars
gosars-0204;G.O. Sars
gosars-2011-001;G.O. Sars
gosars-2011-002;G.O. Sars
gosars200501_EM1002;G.O. Sars
gosars200501_EM300;G.O. Sars
gosars200502_EM1002;G.O. Sars
gosars200502_EM300;G.O. Sars
gosars200503_EM1002;G.O. Sars
gummibaat-0696;Sjømåleren
hydrograf-0100;Sjøtroll
hydrograf-0101;Sjøskvett
hydrograf-0102;Sjøskvett
hydrograf-0103;Sjørokk
hydrograf-0104;Sjøtroll
hydrograf-0105;Sjøfalk
hydrograf-0106a;Sjørokk
hydrograf-0107;Sjøtroll
hydrograf-0108;Sjøfalk
hydrograf-0196;Mb-8
hydrograf-0197;Mb-8
hydrograf-0198;Mb-5
hydrograf-0199;Mb-5
hydrograf-0200;Sjøtroll
hydrograf-0201;Sjøtroll
hydrograf-0202;Sjøskvett
hydrograf-0203;Sjørokk
hydrograf-0204;Sjørokk
hydrograf-0205;Sjøfalk
hydrograf-0206;Sjøfalk
hydrograf-0207;Sjøfalk
hydrograf-0208;Sjørokk
hydrograf-0296;Mb-8
hydrograf-0297;Mb-8
hydrograf-0298;Mb-5
hydrograf-0299;Sjøtroll
hydrograf-0301;Sjøtroll
hydrograf-0302;Sjøskvett
hydrograf-0303;Sjøtroll
hydrograf-0304;Sjørokk
hydrograf-0305;Sjørokk
hydrograf-0306;Sjørokk
hydrograf-0307;Sjøfalk
hydrograf-0308;Sjørokk
hydrograf-0397;Mb-8
hydrograf-0398;Mb-8
hydrograf-0399;Mb-5
hydrograf-0401;Mb-5
hydrograf-0402;Sjøskvett
hydrograf-0403;Sjørokk
hydrograf-0404;Sjørokk
hydrograf-0405;Sjøfalk
hydrograf-0406;Sjøfalk
hydrograf-0407;Sjøfalk
hydrograf-0408;Sjøfalk
hydrograf-0496;Mb-8
hydrograf-0497;Mb-8
hydrograf-0498;Mb-8
hydrograf-0499;Sjøtroll
hydrograf-0500;Mb-Sjøtroll
hydrograf-0501;Sjøskvett
hydrograf-0502;Sjøskvett
hydrograf-0503;Sjørokk
hydrograf-0504;Sjørokk
hydrograf-0505;Sjøfalk
hydrograf-0506;Sjørokk
hydrograf-0507;Sjøfalk
hydrograf-0508;Sjørokk
hydrograf-0598;Mb-5
hydrograf-0599;Mb-5
hydrograf-0600;Mb-Sjøtroll
hydrograf-0601;Sjøskvett
hydrograf-0602;Sjøskvett
hydrograf-0603;Sjørokk
hydrograf-0604;Sjøtroll
hydrograf-0605;Sjøfalk
hydrograf-0606;Sjøfalk
hydrograf-0607;Sjøtroll
hydrograf-0608;Sjøfalk
hydrograf-0698;Hydrograf
hydrograf-0699;Mb-Sjøtroll
hydrograf-0700;Mb-5
hydrograf-0701;Sjøskvett
hydrograf-0702;Sjøskvett
hydrograf-0703;Sjørokk
hydrograf-0704;Sjørokk
hydrograf-0705;Sjøfalk
hydrograf-0706;Sjøfalk
hydrograf-0707;Sjøfalk
hydrograf-0708;Sjøfalk
hydrograf-0798;Mb-8
hydrograf-0799;Mb-5
hydrograf-0801;Sjøskvett
hydrograf-0802;Sjøskvett
hydrograf-0803;Mb-Sjøtroll
hydrograf-0804;Sjøfalk
hydrograf-0805;Sjøfalk
hydrograf-0806;Sjørokk
hydrograf-0807;Sjøfalk
hydrograf-0808;Sjøfalk
hydrograf-0898;Mb-5
hydrograf-0899;Sjøtroll
hydrograf-0900;Mb-Sjøtroll
hydrograf-0901;Sjøskvett
hydrograf-0902;Sjøskvett
hydrograf-0903;Mb-Sjøtroll
hydrograf-0904;Sjørokk
hydrograf-0905;Sjøfalk
hydrograf-0906;Sjørokk
hydrograf-0907;Sjøfalk
hydrograf-0908;Sjøfalk
hydrograf-0999;Mb-5
hydrograf-1001;Sjøskvett
hydrograf-1002;Sjøskvett
hydrograf-1003;Mb-Sjøtroll
hydrograf-1004;Sjøfalk
hydrograf-1005;Sjøfalk
hydrograf-1006;Sjørokk
hydrograf-1007;Sjøfalk
hydrograf-1008;Sjørokk
hydrograf-1099;Mb-Sjøtroll
hydrograf-1100;Mb-Sjøtroll
hydrograf-1101;Sjøskvett
hydrograf-1102;Sjøskvett
hydrograf-1103;Sjøtroll
hydrograf-1104;Sjøfalk
hydrograf-1105;Sjørokk
hydrograf-1106;Sjørokk
hydrograf-1107;Sjøfalk
hydrograf-1108;Sjørokk
hydrograf-1199;Mb-5
hydrograf-1200;Mb-Sjøtroll
hydrograf-1201;Sjøskvett
hydrograf-1202;Sjøskvett
hydrograf-1203;Sjørokk
hydrograf-1204;Sjørokk
hydrograf-1205;Sjøfalk
hydrograf-1206;Sjøtroll
hydrograf-1207;Sjøfalk
hydrograf-1208;Sjøfalk
hydrograf-1298;Mb-5
hydrograf-1299;Mb-Sjøtroll
hydrograf-1300;Mb-5
hydrograf-1301;Sjøskvett
hydrograf-1302;Sjøskvett
hydrograf-1303;Sjørokk
hydrograf-1304;Sjøfalk
hydrograf-1305;Sjørokk
hydrograf-1306;Sjøtroll
hydrograf-1307;Sjøfalk
hydrograf-1308;Hydrograf
hydrograf-1398;Mb-5
hydrograf-1399;Mb-5
hydrograf-1400;Mb-5
hydrograf-1401;Sjøskvett
hydrograf-1402;Sjøskvett
hydrograf-1403;Sjørokk
hydrograf-1404;Sjørokk
hydrograf-1405;Sjøskvett
hydrograf-1406;Sjørokk
hydrograf-1407;Sjøfalk
hydrograf-1408;Hydrograf
hydrograf-1498;Mb-Sjøtroll
hydrograf-1499;Mb-Sjøtroll
hydrograf-1500;Mb-5
hydrograf-1501;Sjøskvett
hydrograf-1502;Sjøskvett
hydrograf-1503;Sjørokk
hydrograf-1504;Sjøfalk
hydrograf-1505;Sjørokk
hydrograf-1506;Sjørokk
hydrograf-1507;Sjørokk
hydrograf-1508;Hydrograf
hydrograf-1598;Mb-5
hydrograf-1599;Mb-20
hydrograf-1600;Mb-5
hydrograf-1601;Mb-5
hydrograf-1602;Sjøskvett
hydrograf-1603;Sjøtroll
hydrograf-1604;Sjøtroll
hydrograf-1605;Sjørokk
hydrograf-1606;Sjøtroll
hydrograf-1607;Sjørokk
hydrograf-1608;Hydrograf
hydrograf-1698;Mb-5
hydrograf-1699;Mb-20
hydrograf-1700;Mb-5
hydrograf-1701;Mb-5
hydrograf-1702;Sjøskvett
hydrograf-1703;Sjørokk
hydrograf-1704;Sjøtroll
hydrograf-1705;Sjørokk
hydrograf-1706;Sjørokk
hydrograf-1707;Sjøfalk
hydrograf-1708;Hydrograf
hydrograf-1798;Mb-Sjøtroll
hydrograf-1799;Mb-5
hydrograf-1800;Mb-5
hydrograf-1801;Mb-5
hydrograf-1802;Sjøskvett
hydrograf-1803;Sjørokk
hydrograf-1804;Sjøtroll
hydrograf-1805;Sjørokk
hydrograf-1806;Sjørokk
hydrograf-1807;Sjøfalk
hydrograf-1808;Hydrograf
hydrograf-1898;Mb-5
hydrograf-1899;Mb-5
hydrograf-1900;Mb-5
hydrograf-1901;Mb-5
hydrograf-1902;Sjøskvett
hydrograf-1903;Mb-Sjøtroll
hydrograf-1904;Sjørokk
hydrograf-1905;Sjøtroll
hydrograf-1906;Sjøtroll
hydrograf-1907;Sjøfalk
hydrograf-1908;Hydrograf
hydrograf-1998;Mb-Sjøtroll
hydrograf-1999;Mb-5
hydrograf-2000;Mb-5
hydrograf-2001;Mb-5
hydrograf-2002;Sjøskvett
hydrograf-2003;Mb-Sjøtroll
hydrograf-2004;Sjørokk
hydrograf-2005;Sjøtroll
hydrograf-2006;Sjøfalk
hydrograf-2007;Sjøfalk
hydrograf-2008;Hydrograf
hydrograf-2009-001;Sjøtroll
hydrograf-2009-002;Sjøfalk
hydrograf-2009-003;Sjøfalk
hydrograf-2009-004;Sjøfalk
hydrograf-2009-005;Hydrograf
hydrograf-2009-006;Sjøfalk
hydrograf-2009-007;Sjøfalk
hydrograf-2009-008;Sjøfalk
hydrograf-2009-009;Sjørokk
hydrograf-2009-010;Sjøfalk
hydrograf-2009-011;Sjøfalk
hydrograf-2009-012;Sjøfalk
hydrograf-2009-013;Sjøfalk
hydrograf-2009-014;Sjøfalk
hydrograf-2009-015;Sjøfalk
hydrograf-2009-016;Sjøfalk
hydrograf-2009-017;Sjøfalk
hydrograf-2009-018;Sjøtroll
hydrograf-2009-019;Sjøfalk
hydrograf-2009-020;Sjøfalk
hydrograf-2009-024;Sjøfalk
hydrograf-2009-026;Sjørokk
hydrograf-2009-027;Hydrograf
hydrograf-2009-028;Sjøtroll
hydrograf-2009-030;Sjørokk
hydrograf-2009-040;Hydrograf
hydrograf-2009-041;Hydrograf
hydrograf-2009-042;Hydrograf
hydrograf-2009-043;Hydrograf
hydrograf-2009-101;Sjøfalk
hydrograf-2009-102;Sjøfalk
hydrograf-2009-103;Sjøfalk
hydrograf-2009-104;Sjøfalk
hydrograf-2009-105;Sjøfalk
hydrograf-2009-106;Sjøfalk
hydrograf-2009-107;Sjøfalk
hydrograf-2009-108;Sjøfalk
hydrograf-2009-109;Sjøfalk
hydrograf-2009-110;Sjøfalk
hydrograf-2009-111;Sjøfalk
hydrograf-2009-112;Sjøfalk
hydrograf-2009-113;Sjøfalk
hydrograf-2009-114;Sjøtroll
hydrograf-2009-115;Sjøfalk
hydrograf-2009-116;Sjøfalk
hydrograf-2009-901;Sjøfalk
hydrograf-2009-902;Hydrograf
hydrograf-2009-903;Sjøfalk
hydrograf-2009-904;Hydrograf
hydrograf-2009-906;Sjøtroll
hydrograf-2009-907;Sjøfalk
hydrograf-2009-908;Hydrograf
hydrograf-2009-909;Hydrograf
hydrograf-2009-910;Hydrograf
hydrograf-2009-911;Sjøtroll
hydrograf-2009-912;Sjøfalk
hydrograf-2009-913;Sjøtroll
hydrograf-2010-002;Sjøfalk
hydrograf-2010-003;Sjøfalk
hydrograf-2010-004;Sjøfalk
hydrograf-2010-005;Sjøtroll
hydrograf-2010-006;Sjøfalk
hydrograf-2010-007;Sjøfalk
hydrograf-2010-008;Sjøfalk
hydrograf-2010-009;Sjøfalk
hydrograf-2010-010;Sjøfalk
hydrograf-2010-011;Sjøfalk
hydrograf-2010-012;Sjøfalk
hydrograf-2010-013;Sjøfalk
hydrograf-2010-014;Sjøfalk
hydrograf-2010-015;Sjøfalk
hydrograf-2010-016;Sjøfalk
hydrograf-2010-017;Hydrograf
hydrograf-2010-018;Sjøfalk
hydrograf-2010-019;Sjøfalk
hydrograf-2010-022;Sjøfalk
hydrograf-2010-023;Sjøfalk
hydrograf-2010-080;Hydrograf
hydrograf-2010-082;Hydrograf
hydrograf-2010-085;Hydrograf
hydrograf-2010-100;Sjøfalk
hydrograf-2010-101;Sjøfalk
hydrograf-2010-102;Sjøfalk
hydrograf-2010-103;Sjøfalk
hydrograf-2010-104;Sjøfalk
hydrograf-2010-105;Hydrograf
hydrograf-2010-106;Sjøfalk
hydrograf-2010-109;Sjøfalk
hydrograf-2010-110;Sjøfalk
hydrograf-2010-111;Sjøfalk
hydrograf-2010-113;Sjøfalk
hydrograf-2010-117;Hydrograf
hydrograf-2010-118;Hydrograf
hydrograf-2010-119;Hydrograf
hydrograf-2010-120;Hydrograf
hydrograf-2010-121;Sjøfalk
hydrograf-2010-122;Sjøfalk
hydrograf-2010-902;Hydrograf
hydrograf-2010-903;Sjøfalk
hydrograf-2010-904;Sjøfalk
hydrograf-2010-905;Sjøfalk
hydrograf-2010-906;Sjøfalk
hydrograf-2010-908;Sjøtroll
hydrograf-2010-909;Sjøfalk
hydrograf-2010-910;Sjøfalk
hydrograf-2010-912;Sjøfalk
hydrograf-2010-914;Sjøfalk
hydrograf-2010-915;Sjøtroll
hydrograf-2010-916;Sjøfalk
hydrograf-2010-917;Sjøtroll
hydrograf-2010-918;Sjøfalk
hydrograf-2010-919;Sjøfalk
hydrograf-2010-920;Sjøtroll
hydrograf-2010-921;Hydrograf
hydrograf-2010-922;Sjøfalk
hydrograf-2010-923;Sjøtroll
hydrograf-2010-924;Sjøfalk
hydrograf-2010-925;Sjøfalk
hydrograf-2010-926;Sjøtroll
hydrograf-2010-927;Sjøfalk
hydrograf-2010-928;Sjøfalk
hydrograf-2010-929;Sjøfalk
hydrograf-2010-930;Sjøfalk
hydrograf-2011-002;Sjøfalk
hydrograf-2011-003;Sjøfalk
hydrograf-2011-004;Sjøfalk
hydrograf-2011-080;Hydrograf
hydrograf-2011-081;Hydrograf
hydrograf-2011-082;Hydrograf
hydrograf-2011-100;Sjøfalk
hydrograf-2011-103;Sjøfalk
hydrograf-2011-104;Sjøfalk
hydrograf-2011-105;Sjøfalk
hydrograf-2011-106;Sjøfalk
hydrograf-2011-107;Sjøfalk
hydrograf-2011-112;Sjøfalk
hydrograf-2011-114;Sjøfalk
hydrograf-2011-123;Sjøfalk
hydrograf-2011-124;Sjøfalk
hydrograf-2011-125;Sjøfalk
hydrograf-2011-137;Sjøfalk
hydrograf-2011-138;Sjøfalk
hydrograf-2011-139;Sjøfalk
hydrograf-2011-142;Sjøfalk
hydrograf-2011-143;Sjøfalk
hydrograf-2011-144;Sjøfalk
hydrograf-2011-145;Sjøfalk
hydrograf-2011-902;Hydrograf
hydrograf-2011-903;Sjøtroll
hydrograf-2011-904;Sjøfalk
hydrograf-2011-906;Hydrograf
hydrograf-2011-908;Sjøfalk
hydrograf-2011-910;Sjøtroll
hydrograf-2012-001;Sjøtroll
hydrograf-2012-002;Sjøtroll
hydrograf-2012-003;Sjøfalk
hydrograf-2012-004;Sjøfalk
hydrograf-2012-005;Sjøfalk
hydrograf-2012-006;Sjøfalk
hydrograf-2012-007;Sjøfalk
hydrograf-2012-008;Sjøfalk
hydrograf-2012-009;Sjøfalk
hydrograf-2012-010;Sjøfalk
hydrograf-2012-011;Sjøfalk
hydrograf-2012-012;Sjøfalk
hydrograf-2012-013;Sjøfalk
hydrograf-2012-014;Sjøfalk
hydrograf-2012-015;Sjøfalk
hydrograf-2012-016;Sjøfalk
hydrograf-2012-017;Sjøfalk
hydrograf-2012-018;Hydrograf
hydrograf-2012-021;Sjøfalk
hydrograf-2012-022;Mb-Sjøtroll
hydrograf-2012-023;Sjøfalk
hydrograf-2012-024;Sjøfalk
hydrograf-2012-026;Sjøtroll
hydrograf-2012-080;Hydrograf
hydrograf-2012-081;Hydrograf
hydrograf-2012-082;Hydrograf
hydrograf-2012-083;Hydrograf
hydrograf-2012-084;Hydrograf
hydrograf-2012-085;Hydrograf
hydrograf-2012-097;Hydrograf
hydrograf-2012-098;Hydrograf
hydrograf-2012-807;Hydrograf
hydrograf-2012-901;Sjøtroll
hydrograf-2013-001;Sjøfalk
hydrograf-2013-002;Hydrograf
hydrograf-2013-003;Sjøfalk
hydrograf-2013-004;Sjøfalk
hydrograf-2013-006;Sjøtroll
hydrograf-2013-007;Sjøfalk
hydrograf-2013-008;Hydrograf
hydrograf-2013-009;Sjøfalk
hydrograf-2013-010;Sjøfalk
hydrograf-2013-011;Sjøfalk
hydrograf-2013-012;Sjøfalk
hydrograf-2013-013;Sjøtroll
hydrograf-2013-014;Sjøfalk
hydrograf-2013-015;Sjøfalk
hydrograf-2013-016;Sjøtroll
hydrograf-2013-017;Sjøfalk
hydrograf-2013-018;Sjøfalk
hydrograf-2013-019;Sjøfalk
hydrograf-2013-020;Sjøfalk
hydrograf-2013-021;Sjøfalk
hydrograf-2013-022;Hydrograf
hydrograf-2013-023;Sjøfalk
hydrograf-2013-024;Sjøfalk
hydrograf-2013-025;Sjøtroll
hydrograf-2013-026;Sjøtroll
hydrograf-2013-027;Sjøfalk
hydrograf-2013-028;Sjøfalk
hydrograf-2013-029;Sjøtroll
hydrograf-2013-030;Sjøfalk
hydrograf-2013-031;Sjøfalk
hydrograf-2013-032;Sjøfalk
hydrograf-2013-033;Sjøfalk
hydrograf-2013-034;Sjøtroll
hydrograf-2013-035;Sjøfalk
hydrograf-2013-037;Sjøtroll
hydrograf-2013-038;Sjøtroll
hydrograf-2013-039;Sjøtroll
hydrograf-2013-040;Sjøfalk
hydrograf-2013-041;Sjøfalk
hydrograf-2013-042;Sjøfalk
hydrograf-2013-043;Sjøfalk
hydrograf-2013-044;Sjøfalk
hydrograf-2013-046;Sjøtroll
hydrograf-2013-047;Sjøtroll
hydrograf-2013-048;Sjøtroll
hydrograf-2013-049;Sjøfalk
hydrograf-2013-050;Sjøtroll
hydrograf-2013-080;Hydrograf
hydrograf-2013-081;Hydrograf
hydrograf-2013-083;Hydrograf
hydrograf-2013-084;Hydrograf
hydrograf-2013-085;Hydrograf
hydrograf-2013-086;Hydrograf
hydrograf-2013-087;Hydrograf
hydrograf-2013-100;Sjøfalk
hydrograf-2013-101;Sjøfalk
hydrograf-2013-102;Sjøfalk
hydrograf-2013-105;Sjøtroll
hydrograf-2013-106;Sjøfalk
hydrograf-2013-107;Sjøfalk
hydrograf-2013-110;Sjøfalk
hydrograf-2013-111;Sjøfalk
hydrograf-2013-112;Hydrograf
hydrograf-2013-113;Sjøfalk
hydrograf-2013-114;Sjøfalk
hydrograf-2013-120;Sjøfalk
hydrograf-2013-121;Sjøfalk
hydrograf-2013-122;Sjøfalk
hydrograf-2013-123;Sjøfalk
hydrograf-2013-902;Sjøfalk
hydrograf-2013-903;Sjøfalk
hydrograf-2013-904;Sjøtroll
hydrograf-2099;Mb-5
hydrograf-2100;Mb-5
hydrograf-2102;Sjøskvett
hydrograf-2103;Sjørokk
hydrograf-2104;Sjøfalk
hydrograf-2105;Sjøtroll
hydrograf-2106;Sjøtroll
hydrograf-2107;Sjøfalk
hydrograf-2108;Hydrograf
hydrograf-2199;Mb-20
hydrograf-2200;Hydrograf
hydrograf-2202;Sjøskvett
hydrograf-2203;Sjørokk
hydrograf-2204;Mb-Sjøtroll
hydrograf-2205;Sjørokk
hydrograf-2206;Sjørokk
hydrograf-2207;Sjøfalk
hydrograf-2208;Hydrograf
hydrograf-2299;Mb-5
hydrograf-2300;Mb-5
hydrograf-2302;Sjøskvett
hydrograf-2303;Sjøtroll
hydrograf-2304;Sjøtroll
hydrograf-2305;Sjørokk
hydrograf-2306;Sjøfalk
hydrograf-2307;Sjøfalk
hydrograf-2308;Hydrograf
hydrograf-2399;Mb-20
hydrograf-2400;Mb-5
hydrograf-2402;Sjøskvett
hydrograf-2403;Sjøtroll
hydrograf-2404;Sjøtroll
hydrograf-2405;Sjøtroll
hydrograf-2406;Sjøfalk
hydrograf-2407;Sjøtroll
hydrograf-2408;Sjøtroll
hydrograf-2499;Mb-5
hydrograf-2500;Mb-5
hydrograf-2502;Sjøskvett
hydrograf-2503;Sjørokk
hydrograf-2504;Sjøtroll
hydrograf-2505;Sjørokk
hydrograf-2506;Sjøfalk
hydrograf-2507;Sjøfalk
hydrograf-2508;Sjøtroll
hydrograf-2599;Mb-20
hydrograf-2600;Mb-5
hydrograf-2602;Sjøskvett
hydrograf-2603;Sjørokk
hydrograf-2604;Sjørokk
hydrograf-2605;Sjørokk
hydrograf-2606;Sjøfalk
hydrograf-2607;Sjøfalk
hydrograf-2608;Sjøfalk
hydrograf-2699;Mb-5
hydrograf-2700;Mb-5
hydrograf-2702;Sjøskvett
hydrograf-2703;Sjørokk
hydrograf-2704;Sjørokk
hydrograf-2705;Sjøtroll
hydrograf-2706;Sjøfalk
hydrograf-2707;Sjøfalk
hydrograf-2708;Sjøfalk
hydrograf-2799;Mb-20
hydrograf-2800;Mb-5
hydrograf-2802;Sjøskvett
hydrograf-2803;Sjøtroll
hydrograf-2804;Sjørokk
hydrograf-2805;Sjørokk
hydrograf-2806;Sjøfalk
hydrograf-2807;Sjøfalk
hydrograf-2808;Sjøfalk
hydrograf-2899;Mb-5
hydrograf-2900;Mb-5
hydrograf-2902;Sjøskvett
hydrograf-2903;Sjøtroll
hydrograf-2904;Sjørokk
hydrograf-2905;Sjørokk
hydrograf-2906;Sjøfalk
hydrograf-2907;Sjøfalk
hydrograf-2908;Sjøfalk
hydrograf-2999;Mb-20
hydrograf-3000;Mb-5
hydrograf-3002;Sjøskvett
hydrograf-3003;Sjøtroll
hydrograf-3004;Sjørokk
hydrograf-3005;Sjørokk
hydrograf-3006;Sjøfalk
hydrograf-3007;Sjøfalk
hydrograf-3008;Sjøfalk
hydrograf-3099;Mb-5
hydrograf-3100;Mb-5
hydrograf-3102;Sjørokk
hydrograf-3103;Sjørokk
hydrograf-3104;Sjøtroll
hydrograf-3105;Mb-Sjøtroll
hydrograf-3106;Sjøfalk
hydrograf-3107;Sjøfalk
hydrograf-3108;Sjøfalk
hydrograf-3199;Mb-20
hydrograf-3200;Mb-5
hydrograf-3202;Sjøskvett
hydrograf-3203;Sjørokk
hydrograf-3204;Sjørokk
hydrograf-3205;Sjørokk
hydrograf-3206;Sjøfalk
hydrograf-3207;Sjøfalk
hydrograf-3208;Sjøfalk
hydrograf-3299;Mb-5
hydrograf-3300;Mb-5
hydrograf-3302;Sjørokk
hydrograf-3303;Sjørokk
hydrograf-3304;Sjørokk
hydrograf-3305;Sjørokk
hydrograf-3306;Sjøfalk
hydrograf-3307;Sjøfalk
hydrograf-3308;Sjøfalk
hydrograf-3400;Mb-5
hydrograf-3402;Sjøtroll
hydrograf-3403;Sjørokk
hydrograf-3404;Sjøtroll
hydrograf-3405;Sjørokk
hydrograf-3406;Sjøfalk
hydrograf-3407;Sjøfalk
hydrograf-3408;Sjøfalk
hydrograf-3499;Mb-5
hydrograf-3500;Mb-5
hydrograf-3502;Sjørokk
hydrograf-3503;Sjøskvett
hydrograf-3504;Sjørokk
hydrograf-3505;Sjørokk
hydrograf-3506;Sjøtroll
hydrograf-3507;Sjøtroll
hydrograf-3508;Sjøfalk
hydrograf-3599;Mb-20
hydrograf-3600;Mb-5
hydrograf-3602;Sjørokk
hydrograf-3603;Sjørokk
hydrograf-3604;Sjørokk
hydrograf-3605;Sjørokk
hydrograf-3606;Sjøfalk
hydrograf-3607;Sjøfalk
hydrograf-3608;Sjøfalk
hydrograf-3699;Mb-Sjøtroll
hydrograf-3700;Mb-5
hydrograf-3702;Sjøskvett
hydrograf-3703;Sjørokk
hydrograf-3704;Sjøskvett
hydrograf-3705;Sjørokk
hydrograf-3706;Sjøfalk
hydrograf-3707;Sjørokk
hydrograf-3708;Sjøfalk
hydrograf-3799;Mb-Sjøtroll
hydrograf-3800;Mb-5
hydrograf-3802;Sjøtroll
hydrograf-3803;Sjørokk
hydrograf-3804;Sjørokk
hydrograf-3805;Sjøtroll
hydrograf-3806;Sjøfalk
hydrograf-3807;Sjørokk
hydrograf-3808;Sjøfalk
hydrograf-3900;Mb-5
hydrograf-3902;Sjøskvett
hydrograf-3903;Sjørokk
hydrograf-3904;Sjøtroll
hydrograf-3905;Sjøtroll
hydrograf-3906;Sjøfalk
hydrograf-3907;Sjørokk
hydrograf-3908;Sjøfalk
hydrograf-4000;Mb-Sjøtroll
hydrograf-4002;Sjøtroll
hydrograf-4003;Sjøskvett
hydrograf-4004;Sjørokk
hydrograf-4005;Sjørokk
hydrograf-4006;Sjøfalk
hydrograf-4007;Sjøfalk
hydrograf-4008;Sjøfalk
hydrograf-4100;Mb-5
hydrograf-4102;Sjøtroll
hydrograf-4103;Sjørokk
hydrograf-4104;Sjørokk
hydrograf-4105;Sjørokk
hydrograf-4106;Sjøfalk
hydrograf-4107;Sjøtroll
hydrograf-4108;Sjøfalk
hydrograf-4200;Mb-5
hydrograf-4202;Sjøskvett
hydrograf-4203;Sjørokk
hydrograf-4204;Sjørokk
hydrograf-4205;Sjøfalk
hydrograf-4206-EAST;Sjøfalk
hydrograf-4206-VEST;Sjøfalk
hydrograf-4207;Sjøfalk
hydrograf-4208;Sjøtroll
hydrograf-4300;Mb-5
hydrograf-4302;Sjøskvett
hydrograf-4303;Sjørokk
hydrograf-4304;Sjørokk
hydrograf-4305;Sjørokk
hydrograf-4306;Sjøfalk
hydrograf-4307;Sjøfalk
hydrograf-4308;Sjøfalk
hydrograf-4400;Sjøskvett
hydrograf-4402;Sjørokk
hydrograf-4403;Sjørokk
hydrograf-4404;Sjørokk
hydrograf-4405;Sjøtroll
hydrograf-4406;Sjøfalk
hydrograf-4407;Sjøfalk
hydrograf-4408;Sjøfalk
hydrograf-4500;Sjøskvett
hydrograf-4502;Sjøskvett
hydrograf-4503;Sjørokk
hydrograf-4504;Mb-Sjøtroll
hydrograf-4505;Sjøtroll
hydrograf-4506;Sjøfalk
hydrograf-4507;Sjøfalk
hydrograf-4508;Sjørokk
hydrograf-4600;Sjøskvett
hydrograf-4602;Sjørokk
hydrograf-4603;Sjørokk
hydrograf-4604;Sjørokk
hydrograf-4605;Sjørokk
hydrograf-4606;Sjøfalk
hydrograf-4607;Sjørokk
hydrograf-4608;Sjørokk
hydrograf-4700;Sjøskvett
hydrograf-4702;Sjørokk
hydrograf-4703;Sjørokk
hydrograf-4704;Sjørokk
hydrograf-4705;Sjørokk
hydrograf-4706;Sjørokk
hydrograf-4707;Sjørokk
hydrograf-4708;Sjøtroll
hydrograf-4800;Sjøskvett
hydrograf-4802;Sjørokk
hydrograf-4803;Sjørokk
hydrograf-4804;Sjørokk
hydrograf-4805;Sjøfalk
hydrograf-4806;Sjøtroll
hydrograf-4808;Sjøtroll
hydrograf-4900;Mb-5
hydrograf-4902;Sjøskvett
hydrograf-4903;Sjørokk
hydrograf-4904;Sjørokk
hydrograf-4905;Sjørokk
hydrograf-4906;Sjøtroll
hydrograf-5002;Sjørokk
hydrograf-5003;Sjørokk
hydrograf-5004;Sjørokk
hydrograf-5005;Sjørokk
hydrograf-5006;Sjøfalk
hydrograf-5102;Sjørokk
hydrograf-5103;Sjørokk
hydrograf-5104;Sjørokk
hydrograf-5105;Sjøfalk
hydrograf-5106;Sjøfalk
hydrograf-5202;Sjørokk
hydrograf-5203;Sjørokk
hydrograf-5204;Sjørokk
hydrograf-5205;Sjørokk
hydrograf-5206;Sjørokk
hydrograf-5302;Mb-Sjøtroll
hydrograf-5303;Sjørokk
hydrograf-5304;Sjørokk
hydrograf-5305;Sjøtroll
hydrograf-5306;Sjøtroll
hydrograf-5402;Sjørokk
hydrograf-5403;Sjørokk
hydrograf-5404;Sjøfalk
hydrograf-5405;Sjøtroll
hydrograf-5406;Sjøfalk
hydrograf-5502;Mb-Sjøtroll
hydrograf-5503;Sjørokk
hydrograf-5504;Sjøfalk
hydrograf-5505;Sjøfalk
hydrograf-5506;Sjørokk
hydrograf-5602;Sjørokk
hydrograf-5603;Sjørokk
hydrograf-5604;Sjøtroll
hydrograf-5605;Sjørokk
hydrograf-5606;Sjøfalk
hydrograf-5702;Sjørokk
hydrograf-5703;Sjøskvett
hydrograf-5704;Sjøtroll
hydrograf-5705;Sjørokk
hydrograf-5706;Sjøfalk
hydrograf-5802;Sjøtroll
hydrograf-5803;Sjørokk
hydrograf-5804;Sjøfalk
hydrograf-5805;Sjøfalk
hydrograf-5806;Sjørokk
hydrograf-5902;Sjørokk
hydrograf-5903;Sjørokk
hydrograf-5904;Sjøfalk
hydrograf-5905;Sjørokk
hydrograf-5906;Sjøfalk
hydrograf-6002;Sjøtroll
hydrograf-6003;Sjørokk
hydrograf-6004;Sjøfalk
hydrograf-6005;Sjøfalk
hydrograf-6006;Sjørokk
hydrograf-6102;Sjøskvett
hydrograf-6103;Sjørokk
hydrograf-6104;Sjøtroll
hydrograf-6105;Sjøtroll
hydrograf-6202;Sjøtroll
hydrograf-6203;Sjørokk
hydrograf-6204;Sjøfalk
hydrograf-6205;Sjøtroll
hydrograf-6302;Sjøskvett
hydrograf-6303;Sjørokk
hydrograf-6304;Sjørokk
hydrograf-6305;Sjøtroll
hydrograf-6402;Sjøskvett
hydrograf-6403;Sjørokk
hydrograf-6404;Sjørokk
hydrograf-6405;Sjøtroll
hydrograf-6502;Sjøskvett
hydrograf-6503;Sjørokk
hydrograf-6504;Sjøtroll
hydrograf-6505;Sjøtroll
hydrograf-6602;Sjøskvett
hydrograf-6603;Sjørokk
hydrograf-6604;Sjøfalk
hydrograf-6605;Sjørokk
hydrograf-6702;Sjøtroll
hydrograf-6703;Sjørokk
hydrograf-6704;Sjøfalk
hydrograf-6705;Sjørokk
hydrograf-6802;Sjøtroll
hydrograf-6804;Sjøfalk
hydrograf-6805;Sjøtroll
hydrograf-6902;Sjøtroll
hydrograf-6904;Sjøfalk
hydrograf-6905;Sjørokk
hydrograf-7002;Sjøtroll
hydrograf-7004;Sjøfalk
hydrograf-7005;Sjøfalk
hydrograf-7102;Sjøtroll
hydrograf-7105;Sjøfalk
hydrograf-7202;Sjøtroll
hydrograf-7205;Sjøtroll
hydrograf-7302;Sjørokk
hydrograf-7402;Sjøtroll
hydrograf-7502;Sjørokk
hydrograf-7602;Sjøtroll
hydrograf-7702;Sjørokk
hydrograf-7802;Sjøtroll
hydrograf-7902;Hydrograf
hydrograf-8002;Hydrograf
hydrograf-8102;Hydrograf
hydrograf-8202;Hydrograf
hydrograf-8302;Hydrograf
hydrograf-8402;Hydrograf
hydrograf-8502;Hydrograf
hydrograf-mal;Hydrograf
i-161nord_1991;Mb-9
i-161syd_1991;Mb-9
ii-064;Geofjord
ii-064-b;Lance
iii-099;Lance
iii-100;Lance
iv-156em;Geofjord
ix-172em;Geofjord
ix-173;Geofjord
kystverket-0104;Undermåler
laksevaag_2000_blom;Bintang
laser_larvik;LADS_Dash8
laser_smoela;LADS_Dash8
laser_stavanger;LADS_Dash8
laser_vega;LADS_Dash8
los_2b_2003_A;Sjøskvett
los_2b_2003_B;Sjørokk
los_2b_2003_C;Sjørokk
los_2b_2003_D;Sjøskvett
meritaito-2016-G01;MSV Letto
meritaito-2016-G02;MSV Letto
meritaito-2016-G03;MSV Letto
meritaito-2016-G04;MSV Letto
meritaito-2016-G06;MSV Letto
meritaito-2016-G07;MSV Letto
meritaito-2016-G08;MSV Letto
meritaito-2016-G09;MSV Letto
meritaito-2016-G11;MSV Letto
meritaito-2016-G11_wcd-1;MSV Letto
meritaito-2016-G11_wcd-2;MSV Letto
meritaito-2016-G11_wcd-3;MSV Letto
meritaito-2016-G11_wcd-4;MSV Letto
meritaito-2016-G11_wcd-5;MSV Letto
meritaito-2016-G12;MSV Letto
meritaito-2016-G13;MSV Letto
meritaito-2016-G26;MS Pohjanmeri
meritaito-2016-G27;MSV Letto
meritaito-2016-G29;MSV Letto
meritaito-2016-G30;MS Pohjanmeri
meritaito-2016-G31;MS Pohjanmeri
meritaito-2016-G32;MS Pohjanmeri
meritaito-2016-G33;MS Pohjanmeri
meritaito-2016-NS05a;MSV Letto
meritaito-2016-NS05b;MSV Letto
meritaito-2016-NS05c;MSV Letto
meritaito-2016-NS05d;MSV Letto
meritaito-2016-NS05e;MSV Letto
meritaito-2016-NS05f;MSV Letto
meritaito-2016-NS05g;MSV Letto
meritaito-2016-NS05h;MSV Letto
meritaito-2016-NS05i;MSV Letto
meritaito-2016-NS05k;MSV Letto
meritaito-2016-NS05l;MSV Letto
meritaito-2016-NS05m;MS Pohjanmeri
meritaito-2016-NS05n;MSV Letto
meritaito-2016-NS06a;MS Pohjanmeri
meritaito-2016-NS06b;MS Pohjanmeri
meritaito-2016-NS06c;MSV Letto
meritaito-2017-BT1a-delA;MS Pohjanmeri
meritaito-2017-BT1a-delB;MS Pohjanmeri
meritaito-2017-BT1a-delC;MS Pohjanmeri
meritaito-2017-kirkegaarden-east-a;Pohjanmeri
meritaito-2017-kirkegaarden-west-a;Pohjanmeri
meritaito-2017-kirkegaarden-west-b;Pohjanmeri
meritaito-2017-kirkegaarden-west-c;MS Pohjanmeri
nh0256-fugro-2002;M/V Geo Prospector
nhs-2014-k-i2733-1;Sjøfalk
nhs-2014-k-i3050-1;Anda
nhs-2014-k-j0910-1;Lomvi
nhs-2014-k-k0921-1;Lomvi
nhs-2014-k-k2733-1;Sjøfalk
nhs-2014-k-k2938-1;Sjøfalk
nhs-2014-k-l2733-1;Sjøfalk
nhs-2014-k-l3042-1;Anda
nhs-2014-k-l3050-1;Anda
nhs-2014-k-n3039-3;Anda
nhs-2014-k-p2835-1;Sjøfalk
nhs-2014-k-q2630-3;Anda
nhs-2014-k-q2733-3;Anda
nhs-2014-k-q3062-1;Anda
nhs-2014-k-r2939-1;Anda
nhs-2014-k-s2630-2;Anda
nhs-2014-k-s3062-1;Anda
nhs-2014-k-t2630-1;Anda
nhs-2014-k-t2734-1;Sjøfalk
nhs-2014-k-t3044-1;Anda
nhs-2014-k-u0810-1;Lomvi
nhs-2014-k-u0810-2;Havelle
nhs-2014-k-u1310-1;Havelle
nhs-2014-k-u1310-101;Havelle
nhs-2014-k-u3050-1;Anda
nhs-2014-k-v2629-1;Anda
nhs-2014-k-v3061-1;Anda
nhs-2014-k-w0810-1;Lomvi
nhs-2014-k-w0810-2;Havelle
nhs-2014-k-x0718-1;Lomvi
nhs-2014-k-x2834-4;Anda
nhs-2014-k-x3055-4;Anda
nhs-2014-m-d1402-1;Hydrograf
nhs-2014-m-d1403-1;Hydrograf
nhs-2014-m-d1503-1;Hydrograf
nhs-2014-m-d1504-1;Hydrograf
nhs-2014-m-d2020-1;Hydrograf
nhs-2014-m-e1505-1;Hydrograf
nhs-2014-m-f1504-1;Hydrograf
nhs-2014-m-f1505-1;Hydrograf
nhs-2014-m-f1816-1;Hydrograf
nhs-2014-m-g2020-1;Hydrograf
nhs-2014-m-h2019-1;Hydrograf
nhs-2014-r-j1210-1;Hydrograf
nhs-2014-r-j1310-101;Anda
nhs-2014-r-o0820-1;Lomvi
nhs-2014-r-p1110-2;Lomvi
nhs-2014-r-q1922-1;Anda
nhs-2014-r-t0711-101;Sjøtroll
nhs-2014-r-v1209-101;Hydrograf
nhs-2014-r-x2634-1;Anda
nhs-2014-s-d4933-1;Havelle
nhs-2014-s-d4934-1;Hydrograf
nhs-2014-s-d4935-1;Hydrograf
nhs-2014-s-d5032-1;Hydrograf
nhs-2014-s-d5033-1;Havelle
nhs-2014-s-d5035-1;Hydrograf
nhs-2014-s-d5035-2;Havelle
nhs-2014-s-i0811-1;Sjøtroll
nhs-2014-s-i0910-2;Hydrograf
nhs-2014-s-i0911-1;Lomvi
nhs-2014-s-i1309-1;Hydrograf
nhs-2014-s-i1309-2;Hydrograf
nhs-2014-s-j0910-1;Lomvi
nhs-2014-s-j0910-101;Lomvi
nhs-2014-s-j0910-2;Lomvi
nhs-2014-s-j0910-4;Lomvi
nhs-2014-s-j1309-1;Anda
nhs-2014-s-j1309-2;Lomvi
nhs-2014-s-j1309-3;Lomvi
nhs-2014-s-j1309-4;Hydrograf
nhs-2014-s-k0811-101;Hydrograf
nhs-2014-s-k0911-1;Hydrograf
nhs-2014-s-k0911-3;Lomvi
nhs-2014-s-k2836-1;Sjøfalk
nhs-2014-s-l0910-1;Lomvi
nhs-2014-s-l1210-2;Havelle
nhs-2014-s-m0910-1;Hydrograf
nhs-2014-s-n0810-1;Havelle
nhs-2014-s-n0910-1;Lomvi
nhs-2014-s-n1309-1;Anda
nhs-2014-s-o0810-102;Sjøtroll
nhs-2014-s-o0811-101;Sjøtroll
nhs-2014-s-o0910-1;Anda
nhs-2014-s-o0910-2;Lomvi
nhs-2014-s-o0910-3;Lomvi
nhs-2014-s-o1210-2;Lomvi
nhs-2014-s-p0810-104;Lomvi
nhs-2014-s-p0810-105;Sjøfalk
nhs-2014-s-p0810-106;Hydrograf
nhs-2014-s-p0910-1;Lomvi
nhs-2014-s-p0910-3;Lomvi
nhs-2014-s-p2937-1;Sjøfalk
nhs-2014-s-q0811-101;Hydrograf
nhs-2014-s-q1209-1;Hydrograf
nhs-2014-s-q1209-3;Hydrograf
nhs-2014-s-q1209-4;Lomvi
nhs-2014-s-r1209-1;Lomvi
nhs-2014-s-r1210-1;Sjørokk
nhs-2014-s-s0711-1;Sjøtroll
nhs-2014-s-s0711-101;Sjøtroll
nhs-2014-s-s0711-3;Sjøtroll
nhs-2014-s-s1209-1;Lomvi
nhs-2014-s-s1209-2;Lomvi
nhs-2014-s-s1209-3;Lomvi
nhs-2014-s-s1211-1;Hydrograf
nhs-2014-s-s1211-101;Havelle
nhs-2014-s-t0711-1;Lomvi
nhs-2014-s-t0810-1;Lomvi
nhs-2014-s-t1010-1;Hydrograf
nhs-2014-s-t1209-1;Anda
nhs-2014-s-t1209-2;Havelle
nhs-2014-s-t1209-3;Lomvi
nhs-2014-s-t1209-4;Havelle
nhs-2014-s-t1209-5;Lomvi
nhs-2014-s-u1210-1;Hydrograf
nhs-2014-s-v0810-101;Sjøfalk
nhs-2014-s-v0810-102;Lomvi
nhs-2014-s-v1208-2;Hydrograf
nhs-2014-s-v1208-4;Hydrograf
nhs-2014-s-w1209-1;Anda
nhs-2014-s-w1209-2;Lomvi
nhs-2014-s-w1209-3;Lomvi
nhs-2015-k-i1010-101;Anda
nhs-2015-k-i1310-3;Lomvi
nhs-2015-k-i2324-1;Anda
nhs-2015-k-i2524-1;Havelle
nhs-2015-k-i2936-3;Havelle
nhs-2015-k-j2225-1;Anda
nhs-2015-k-k0921-4;Lomvi
nhs-2015-k-l1010-2;Anda
nhs-2015-k-l1820-2;Anda
nhs-2015-k-l3147-1;Havelle
nhs-2015-k-p0821-2;Lomvi
nhs-2015-k-p1718-1;Anda
nhs-2015-k-p2626-1;Anda
nhs-2015-k-q0921-2;Lomvi
nhs-2015-k-q2228-2;Hydrograf
nhs-2015-k-s1010-2;Lomvi
nhs-2015-k-s2730-1;Havelle
nhs-2015-k-t0821-1;Lomvi
nhs-2015-k-t1412-4;Anda
nhs-2015-k-u1310-101;Lomvi
nhs-2015-k-u2124-4;Anda
nhs-2015-k-u2937-4;Anda
nhs-2015-m-d1504-2;Hydrograf
nhs-2015-r-e0613-1;Hydrograf
nhs-2015-r-e0615-1;Lomvi
nhs-2015-r-e0616-1;Hydrograf
nhs-2015-r-e0819-1;Anda
nhs-2015-r-e0820-1;Lomvi
nhs-2015-r-e0821-1;Lomvi
nhs-2015-r-e0822-1;Lomvi
nhs-2015-r-e0921-1;Lomvi
nhs-2015-r-e1209-1;Lomvi
nhs-2015-r-e1514-1;Lomvi
nhs-2015-r-f0615-1;Lomvi
nhs-2015-r-f0717-1;Lomvi
nhs-2015-r-f0819-1;Lomvi
nhs-2015-r-f0820-1;Lomvi
nhs-2015-r-f0821-1;Anda
nhs-2015-r-f0822-1;Lomvi
nhs-2015-r-f1718-1;Anda
nhs-2015-r-g0613-1;Lomvi
nhs-2015-r-g0617-1;Hydrograf
nhs-2015-r-g0711-1;Anda
nhs-2015-r-g0712-1;Anda
nhs-2015-r-g0811-1;Lomvi
nhs-2015-r-g0821-1;Hydrograf
nhs-2015-r-g0822-1;Anda
nhs-2015-r-g0921-1;Hydrograf
nhs-2015-r-g1209-1;Lomvi
nhs-2015-r-g1413-1;Lomvi
nhs-2015-r-g1621-1;Hydrograf
nhs-2015-r-h0611-1;Lomvi
nhs-2015-r-h0616-1;Lomvi
nhs-2015-r-h0721-1;Lomvi
nhs-2015-r-h0921-1;Hydrograf
nhs-2015-r-h1010-1;Lomvi
nhs-2015-r-h1513-1;Hydrograf
nhs-2015-r-h1619-1;Anda
nhs-2015-r-h1722-1;Lomvi
nhs-2015-r-i2627-4;Anda
nhs-2015-r-j1010-1;Hydrograf
nhs-2015-r-p1209-102;Havelle
nhs-2015-r-p1209-103;Hydrograf
nhs-2015-r-p1209-4;Havelle
nhs-2015-r-w0810-101;Lomvi
nhs-2015-r-w1010-1;Hydrograf
nhs-2015-s-d4934-1;Hydrograf
nhs-2015-s-g1410-101;Hydrograf
nhs-2015-s-g4936-1;Hydrograf
nhs-2015-s-h1409-101;Hydrograf
nhs-2015-s-i1309-101;Hydrograf
nhs-2015-s-i1309-202;Anda
nhs-2015-s-i1309-4;Anda
nhs-2015-s-j0910-101;Lomvi
nhs-2015-s-p0910-3;Hydrograf
nhs-2015-s-q1312-1;Lomvi
nhs-2015-s-r0910-4;Lomvi
nhs-2015-s-s1209-101;Hydrograf
nhs-2015-s-t0711-2;Havelle
nhs-2015-s-t0711-4;Havelle
nhs-2015-s-t0910-102;Anda
nhs-2015-s-t0910-103;Anda
nhs-2015-s-u0910-1;Havelle
nhs-2015-s-u0910-101;Havelle
nhs-2015-s-u0910-3;Hydrograf
nhs-2015-s-v0910-1;Havelle
nhs-2015-s-v1311-1;Lomvi
nhs-2015-s-v1513-101;Havelle
nhs-2015-s-w0711-3;Hydrograf
nhs-2015-s-w0910-103;Lomvi
nhs-2015-s-w0910-104;Lomvi
nhs-2015-s-x1208-101;Hydrograf
nhs-2015-s-x1208-4;Anda
nhs-2016-k-g0921-1;Anda
nhs-2016-k-i0819-4;Anda
nhs-2016-k-k0921-2;Anda
nhs-2016-k-k2938-1;Anda
nhs-2016-k-l2525-2;Havelle
nhs-2016-k-l3159-2;Anda
nhs-2016-k-n0819-1;Anda
nhs-2016-k-o2628-4;Havelle
nhs-2016-k-p0821-2;Lomvi
nhs-2016-k-p2626-2;Anda
nhs-2016-k-q0921-1;Anda
nhs-2016-k-q1411-1;Havelle
nhs-2016-k-q2729-3;Havelle
nhs-2016-k-q3158-4;Havelle
nhs-2016-k-r2832-3;Anda
nhs-2016-k-t0921-1;Anda
nhs-2016-k-t1412-3;Havelle
nhs-2016-k-t1412-4;Havelle
nhs-2016-k-t2630-3;Havelle
nhs-2016-k-u1310-101;Anda
nhs-2016-k-w1412-4;Havelle
nhs-2016-k-w3151-1;Anda
nhs-2016-k-x2428-1;Havelle
nhs-2016-k-x2834-3;Anda
nhs-2016-m-d4136-1;Hydrograf
nhs-2016-m-d5141-1;Hydrograf
nhs-2016-r-d4625-1;Hydrograf
nhs-2016-r-e2629-1;Havelle
nhs-2016-r-f2530-1;Havelle
nhs-2016-r-g2836-1;Lomvi
nhs-2016-r-h1822-1;Hydrograf
nhs-2016-r-h2225-1;Hydrograf
nhs-2016-r-h2634-1;Lomvi
nhs-2016-r-i0615-1;Havelle
nhs-2016-r-i1718-1;Lomvi
nhs-2016-r-q2733-1;Anda
nhs-2016-r-s2526-1;Havelle
nhs-2016-s-d5037-1;Hydrograf
nhs-2016-s-d5042-1;Hydrograf
nhs-2016-s-d5044-1;Havelle
nhs-2016-s-d5139-1;Hydrograf
nhs-2016-s-d5141-1;Lomvi
nhs-2016-s-i0910-4;Lomvi
nhs-2016-s-i1309-3;Hydrograf
nhs-2016-s-j0910-3;Lomvi
nhs-2016-s-k0910-1;Lomvi
nhs-2016-s-k0910-2;Hydrograf
nhs-2016-s-l0910-2;Hydrograf
nhs-2016-s-l0910-3;Anda
nhs-2016-s-n0614-101;arbeidsbaat
nhs-2016-s-n0820-101;arbeidsbaat
nhs-2016-s-n0820-102;Lomvi
nhs-2016-s-n1308-2;Hydrograf
nhs-2016-s-n1308-4;Hydrograf
nhs-2016-s-o0820-2;arbeidsbaat
nhs-2016-s-o0820-4;Lomvi
nhs-2016-s-p0820-2;arbeidsbaat
nhs-2016-s-q0821-101;arbeidsbaat
nhs-2016-s-q0910-101;Anda
nhs-2016-s-q0910-102;Lomvi
nhs-2016-s-q0910-103;Lomvi
nhs-2016-s-q0910-2;Lomvi
nhs-2016-s-q0910-4;Hydrograf
nhs-2016-s-q0911-1;Anda
nhs-2016-s-q0911-102;Hydrograf
nhs-2016-s-q0911-3;Hydrograf
nhs-2016-s-q0911-4;Lomvi
nhs-2016-s-r0910-1;Lomvi
nhs-2016-s-r0910-3;Lomvi
nhs-2016-s-s0910-101;Lomvi
nhs-2016-s-s0910-102;Lomvi
nhs-2016-s-s0910-3;Lomvi
nhs-2016-s-s0910-4;Lomvi
nhs-2016-s-s0911-1;Hydrograf
nhs-2016-s-s0911-102;Lomvi
nhs-2016-s-t0910-1;Havelle
nhs-2016-s-t0910-3;Lomvi
nhs-2016-s-x0910-103;Hydrograf
nhs-2016-s-x0910-104;Hydrograf
nhs-2016-s-x0910-3;Lomvi
nhs-2016-t-d5042-101;Lomvi
nhs-2017-k-k3041-3;Anda
nhs-2017-k-n0821-2;Hydrograf
nhs-2017-k-p0821-2;arbeidsbaat
nhs-2017-k-p1309-4;Anda
nhs-2017-k-p2626-2;Anda
nhs-2017-k-q2938-2;Lomvi
nhs-2017-k-r2529-4;Anda
nhs-2017-k-s1310-4;Anda
nhs-2017-k-t2937-1;Anda
nhs-2017-k-u2937-4;Lomvi
nhs-2017-k-v1309-1;Anda
nhs-2017-r-n0822-2;arbeidsbaat
nhs-2017-s-d4437-101;Hydrograf
nhs-2017-s-d4438-101;Hydrograf
nhs-2017-s-d4540-101;Hydrograf
nhs-2017-s-f4538-101;Hydrograf
nhs-2017-s-f4541-101;arbeidsbaat
nhs-2017-s-f4541-102;arbeidsbaat
nhs-2017-s-f4639-101;Hydrograf
nhs-2017-s-g4539-101;arbeidsbaat
nhs-2017-s-g4542-101;Lomvi
nhs-2017-s-h4541-101;Lomvi
nhs-2017-s-h4639-101;Hydrograf
nhs-2017-s-h4639-102;Hydrograf
nhs-2017-s-t0910-101;Lomvi
nhs-2017-s-u2224-101;Havelle
nhs-2017-s-v2224-4;arbeidsbaat
nokken-0304;Nøkken
nokken-0305;Nøkken
nokken-0306;Nøkken
nokken-0404;Nøkken
nokken-0504;Nøkken
nokken-0604;Nøkken
nokken-0606;Nøkken
nokken-0706;Nøkken
nokken-0905;Nøkken
nokken-1105;Nøkken
nokken-1205;Nøkken
nokken-2011-03;Nøkken
nokken-2011-04;Nøkken
nokken-2012-005;Nøkken
nokken-2012-006;Nøkken
nokken-2012-007;Nøkken
oljevern02-01-95;Mb-8
oljevern04-1-1995;Mb-4
osae-2002-001;SV Geniusbank
osae-2002-002;SV Geniusbank
osae-2003-004;SV Geniusbank
osae-2003-006;SV Geniusbank
osae-2003-007;SV Geniusbank
osae-2003-008;SV Geniusbank
osae-2003-037;SV Geniusbank
osae-2003-038;SV Geniusbank
osae-2003-039;SV Geniusbank
osae-2003-040;SV Geniusbank
osae-2003-041;SV Geniusbank
osae-2003-042;SV Geniusbank
osae-2003-043;SV Geniusbank
osae-2003-044;SV Geniusbank
osae-2003-045;SV Geniusbank
osae-2003-046;SV Geniusbank
osae-2003-047;SV Geniusbank
osae-2003-048;SV Ranger
osae-2003-049;SV Ranger
osae-2003-050;SV Geniusbank
osae-2003-051;SV Geniusbank
osae-2003-052;SV Geniusbank
osae-2003-053;SV Geniusbank
osae-2003-054;SV Geniusbank
osae-2003-055;SV Geniusbank
osae-2003-056;SV Geniusbank
osae-2003-057;SV Geniusbank
osae-2003-058;SV Geniusbank
osae-2003-059;SV Geniusbank
osae-2003-060;SV Geniusbank
osae-2003-061;SV Ranger
osae-2003-062;SV Ranger
osae-2003-063;SV Ranger
osae-2003-064;SV Geniusbank
osae-2003-065;SV Geniusbank
osae-2003-066;SV Geniusbank
osae-2003-067;SV Geniusbank
osae-2003-068;SV Geniusbank
osae-2003-069;SV Geniusbank
osae-2003-070;SV Geniusbank
osae-2003-071;SV Geniusbank
osae-2003-072;SV Geniusbank
osae-2003-073;SV Ranger
osae-2003-074;SV Geniusbank
osae-2003-075;SV Geniusbank
osae-2003-076;SV Geniusbank
osae-2003-077;SV Geniusbank
osae-2003-078;SV Geniusbank
osae-2003-079;SV Geniusbank
osae-2003-08-3;SV Geniusbank
osae-2003-08-4;SV Geniusbank
osae-2003-08-5;SV Geniusbank
osae-2003-080;SV Ranger
osae-2003-081;SV Geniusbank
osae-2003-082;SV Geniusbank
osae-2003-083;SV Geniusbank
osae-2003-084;SV Geniusbank
osae-2003-085;SV Geniusbank
osae-2003-086;SV Geniusbank
osae-2003-087;SV Geniusbank
osae-2003-088;SV Geniusbank
osae-2003-089;SV Geniusbank
osae-2003-090-91-92;SV Geniusbank
osae-2003-093;SV Geniusbank
osae-2003-094;SV Geniusbank
osae-2003-095;SV Geniusbank
osae-2003-096;SV Geniusbank
osae-2003-097;SV Geniusbank
osae-2003-098;SV Geniusbank
osae-2003-099-103-104;SV Geniusbank
osae-2003-100;SV Geniusbank
osae-2003-101-102;SV Geniusbank
osae-2003-105_til_108;SV Geniusbank
osae-2003-109;SV Geniusbank
osae-2003-110;SV Geniusbank
osae-2003-111-131-133-134;SV Geniusbank
osae-2003-112-113;SV Geniusbank
osae-2003-114;SV Ranger
osae-2003-115;SV Geniusbank
osae-2003-116;SV Geniusbank
osae-2003-117;SV Ranger
osae-2003-118;SV Ranger
osae-2003-119;SV Ranger
osae-2003-120;SV Ranger
osae-2003-121;SV Ranger
osae-2003-122;SV Ranger
osae-2003-123;SV Ranger
osae-2003-124;SV Geniusbank
osae-2003-125;SV Ranger
osae-2003-126;SV Ranger
osae-2003-127;SV Ranger
osae-2003-128;SV Geniusbank
osae-2003-129;SV Ranger
osae-2003-130;SV Geniusbank
osae-2003-132;SV Geniusbank
osae-2003-135;SV Ranger
osae-2003-136;SV Geniusbank
osae-2003-137;SV Ranger
osae-2003-138;SV Ranger
osae-2003-139;SV Ranger
osae-2003-140;SV Geniusbank
osae-2003-141;SV Geniusbank
osae-2003-142-145;SV Geniusbank
osae-2003-143;SV Geniusbank
osae-2003-144;SV Geniusbank
osae-2003-146-147-154-155;SV Geniusbank
osae-2003-148-149-152-153;SV Geniusbank
osae-2003-150;SV Geniusbank
osae-2003-151;SV Geniusbank
osae-2003-156;SV Geniusbank
osae-2003-157;SV Ranger
osae-2003-158;SV Geniusbank
osae-2003-159;SV Geniusbank
osae-2003-160;SV Geniusbank
osae-2003-161;SV Geniusbank
osae-2003-162-163-164;SV Geniusbank
osae-2003-165;SV Geniusbank
osae-2003-166;SV Geniusbank
osae-2003-168-181-184;SV Geniusbank
osae-2003-169_170_173-175;SV Geniusbank
osae-2003-171;SV Geniusbank
osae-2003-172;SV Geniusbank
osae-2003-176;SV Geniusbank
osae-2003-177_til_180;SV Geniusbank
osae-2003-182-183-185;SV Geniusbank
osae-2003-186-191-196-200-201;SV Geniusbank
osae-2003-187_til_190-194-207;SV Geniusbank
osae-2003-192;SV Meridian
osae-2003-193-198;SV Geniusbank
osae-2003-195;SV Geniusbank
osae-2003-197;SV Geniusbank
osae-2003-199;SV Geniusbank
osae-2003-202-203-208;SV Geniusbank
osae-2003-204-205-206;SV Geniusbank
osae-2003-209;SV Geniusbank
osae-2003-210;SV Geniusbank
osae-2003-211-212-213;SV Geniusbank
osae-2003-214-217-222;SV Geniusbank
osae-2003-215;SV Geniusbank
osae-2003-216;SV Geniusbank
osae-2003-218-219;SV Geniusbank
osae-2003-220-221-224;SV Geniusbank
osae-2003-223-227-228;SV Geniusbank
osae-2003-225;SV Geniusbank
osae-2003-226;SV Geniusbank
osae-2003-229;SV Geniusbank
osae-2003-230;SV Meridian
osae-2003-272-273-274;SV Sounding Symphony
osae-2003-275_til_280-285_til_287;SV Sounding Symphony
osae-2003-281-282-288-289-290;SV Sounding Symphony
osae-2003-283;SV Sounding Symphony
osae-2003-284-291;SV Ranger
osae-2003-292;SV Ranger
osae-2003-293;SV Ranger
osae-2003-294;SV Ranger
osae-2003-295-296-303-304;SV Sounding Symphony
osae-2003-297-298;SV Ranger
osae-2003-299-300;SV Sounding Symphony
osae-2003-301;SV Ranger
osae-2003-302;SV Ranger
osae-2003-322-325-326-327;SV Ranger
osae-2003-323;SV Ranger
osae-2003-324;SV Ranger
osae-2003-328-329;SV Sounding Symphony
osae-2003-331_til_334;SV Sounding Symphony
osae-2003_Revisions_1_2002;SV Geniusbank
osae-2003_Revisions_2_2002;SV Geniusbank
osae-2003_Revisions_3_2002;Scout II
osae-2003_Revisions_4_2002;SV Geniusbank
osae-2003_Revisions_5_2002;SV Geniusbank
osae-2003_Revisions_6_2002;SV Geniusbank
osae-2003_Revisions_7_2002;SV Geniusbank
osae-2004-001;SV Geniusbank
osae-2004-002-003-005;SV Geniusbank
osae-2004-004;SV Geniusbank
osae-2004-006;SV Meridian
osae-2004-007-008-010-018;SV Geniusbank
osae-2004-009-011-012-014;SV Geniusbank
osae-2004-013-020-022;SV Geniusbank
osae-2004-015;SV Geniusbank
osae-2004-016;SV Geniusbank
osae-2004-017-021-024-041;SV Geniusbank
osae-2004-019;SV Geniusbank
osae-2004-025;SV Meridian
osae-2004-027-028-031-035;SV Geniusbank
osae-2004-032-036;SV Geniusbank
osae-2004-033-037-039-040;SV Geniusbank
osae-2004-042-057;SV Meridian
osae-2004-043-046;SV Meridian
osae-2004-044-045_050-054;SV Meridian
osae-2004-047-048-049;SV Meridian
osae-2004-055-056;SV Geniusbank
osae-2004-058-059-060;SV Geniusbank
osae-2004-061-065;SV Meridian
osae-2004-062-064-110;SV Meridian
osae-2004-066-165;SV Geniusbank
osae-2004-067;SV Geniusbank
osae-2004-068;SV Meridian
osae-2004-069-117;SV Meridian
osae-2004-074-076-084-101-106;SV Meridian
osae-2004-075-113-119;SV Meridian
osae-2004-077;SV Meridian
osae-2004-078-085-086-098-125;SV Geniusbank
osae-2004-079-112;SV Meridian
osae-2004-080-081-109;SV Meridian
osae-2004-082-102-107;SV Meridian
osae-2004-090;SV Meridian
osae-2004-091;SV Meridian
osae-2004-100;SV Meridian
osae-2004-103-104;SV Meridian
osae-2004-105-108-111;SV Meridian
osae-2004-121_til_124-127_til_130;SV Meridian
osae-2004-126;SV Geniusbank
osae-2004-131;SV Meridian
osae-2004-132;SV Meridian
osae-2004-133-134;SV Meridian
osae-2004-137-138;SV Meridian
osae-2004-139;SV Meridian
osae-2004-140;SV Meridian
osae-2004-151-171-172;SV Meridian
osae-2004-152;SV Meridian
osae-2004-153-154-159-186-187-188-190;SV Meridian
osae-2004-157-158-160_til_164;SV Geniusbank
osae-2004-166-168;SV Geniusbank
osae-2004-169-174;SV Geniusbank
osae-2004-180-181-183;SV Geniusbank
osae-2004-185-195;SV Geniusbank
osae-2004-196-197;SV Geniusbank
osae-2004-200-203;SV Geniusbank
osae-2004-206-207-208;SV Geniusbank
osae-2004-23;SV Meridian
osae-2004-29;SV Meridian
osae-2004-30;SV Geniusbank
osae-2004-34;SV Geniusbank
osae-2004-83-89-92;SV Meridian
osae-2004-88-93-94-95-97;SV Meridian
osae-2006-12;MV Victor Hensen
osae-2006-13;MV Victor Hensen
osae-2006-14;MV Victor Hensen
osae-2006-15;MV Victor Hensen
osae-2006-16;MV Victor Hensen
osae-2006-17;MV Victor Hensen
osae-2006-18;MV Victor Hensen
osae_2006_01;SV Meridian
osae_2006_02;SV Geniusbank
osae_2006_03;SV Meridian
osae_2006_04;SV Geniusbank
osae_2006_05;SV Meridian
osae_2006_06;SV Meridian
osae_2006_07;SV Meridian
osae_2006_08;SV Meridian
osae_2006_09;SV Meridian
osae_2006_10;SV Meridian
osae_2006_11;SV Meridian
parker-2008-001;Bintang
parker-2008-002;Bintang
parker-2008-003;Bintang
parker-2008-004;Bintang
parker-2008-005;Bintang
parker-2008-006;Bintang
parker-2008-007;Bintang
parker-2008-008;Bintang
parker-2008-009;Bintang
parker-2008-010;Bintang
parker-2008-011;Bintang
parker-2008-012;Bintang
parker-2008-013;Bintang
parker-2008-014;Bintang
parker-2008-015;Bintang
parker-2009-001;ConCat
parker-2009-002;Bintang
parker-2009-003;Bintang
parker-2009-004;Bintang
parker-2009-005;Bintang
parker-2010-001;Bintang
parker-2010-002;Bintang
parker-2010-003;Bintang
parker-2010-004;Bintang
parker-2011-002;Bintang
parker-2011-005;Bintang
parker-2011-012;Bintang
parker-2011-013;Bintang
parker-2011-014;Bintang
parker-2012-001;Bintang
parker-2012-002;Bintang
parker-2012-003;Bintang
parker-2012-004;Bintang
parker-2012-005;Bintang
parker-2012-007;Bintang
parker-2012-008;Bintang
parker-2012-009;Bintang
parker-2012-010;Bintang
parker-2012-011;Bintang
parker-2012-012;Bintang
parker-2012-013;Bintang
parker-2012-014;Bintang
parker-2012-015;Bintang
parker-2012-016;Bintang
parker-2012-017;Bintang
parker-2012-018;Bintang
parker-2013-001;Bintang
parker-2013-003;Bintang
parker-2013-008;Bintang
parker-2013-014;Bintang
parker-2013-017;Bintang
parker-2013-018;Bintang
parker-2014-001;Bintang
parker-2014-003;Bintang
parker-2015-001;Bintang
parker-2015-002;Bintang
parker-2015-003;Bintang
parker-2015-004;Bintang
parker-2015-005;Bintang
parker-2015-006;Bintang
parker-2015-009;Bintang
parker-2015-010;Bintang
parker-2015-011;Bintang
parker-2015-012;Bintang
parker-2016-002;Bintang
parker-2016-003;Bintang
referanseflater_kvalsundet;Havelle
revisjon-2010-109;Sjøfalk
revisjoner_askvoll;Sjøfalk
sjoedrev-0197;Sjødrev
sjoedrev-0297;Mb-4
sjoedrev-0397;Mb-4
sjoedrev-0496;Mb-4
sjoedrev-0497;Mb-4
sjoedrev-0597;Mb-4
sjoedrev-0697;Sjødrev
sjoedrev-0797;Mb-4
sjoedrev-0897;Mb-4
sjoedrev-0997;Mb-4
sjoedrev-1097;Mb-4
sjoedrev-1197;Mb-4
sjoedrev-1297;Mb-5
sjoedrev-1397;Mb-5
sjoedrev-1497;Mb-5
sjoedrev-1597;Mb-5
sjoefalk-0104;Sjøfalk
sjoefalk-0204;Sjøfalk
sjoefalk-0205;Sjøfalk
sjoefalk-0304;Sjøfalk
sjoefalk-0404;Sjøfalk
sjoefalk-0504;Sjøfalk
sjoefalk-0604;Sjøfalk
sjoefalk-0704;Sjøfalk
sjoefalk-0804;Sjøfalk
sjoefalk-0904;Sjøfalk
sjoemaaleren-0100;Sjømåleren
sjoemaaleren-0101;Sjømåleren
sjoemaaleren-0195;Sjømåleren
sjoemaaleren-0196;Sjømåleren
sjoemaaleren-0197;Sjømåleren
sjoemaaleren-0198;Sjømåleren
sjoemaaleren-0199;Sjømåleren
sjoemaaleren-0200;Sjømåleren
sjoemaaleren-0201;Bintang
sjoemaaleren-0296;Sjømåleren
sjoemaaleren-0297;Sjømåleren
sjoemaaleren-0298;Sjømåleren
sjoemaaleren-0299;Sjømåleren
sjoemaaleren-0300;Sjømåleren
sjoemaaleren-0301;Bintang
sjoemaaleren-0396;Sjømåleren
sjoemaaleren-0397;Sjømåleren
sjoemaaleren-0398;Sjømåleren
sjoemaaleren-0400;Sjømåleren
sjoemaaleren-0401;Bintang
sjoemaaleren-0496;Sjømåleren
sjoemaaleren-0497;Sjømåleren
sjoemaaleren-0498;Sjømåleren
sjoemaaleren-0499;Sjømåleren
sjoemaaleren-0500;Sjømåleren
sjoemaaleren-0501;Sjøskvett
sjoemaaleren-0597;Sjømåleren
sjoemaaleren-0598;Sjømåleren
sjoemaaleren-0599;Sjømåleren
sjoemaaleren-0600;Sjømåleren
sjoemaaleren-0601;Sjøskvett
sjoemaaleren-0696;Sjømåleren
sjoemaaleren-0696b;Sjømåleren
sjoemaaleren-0697;Sjømåleren
sjoemaaleren-0698;Sjømåleren
sjoemaaleren-0699;Sjømåleren
sjoemaaleren-0700;Sjømåleren
sjoemaaleren-0701;Sjøskvett
sjoemaaleren-0796;Sjømåleren
sjoemaaleren-0797;Sjømåleren
sjoemaaleren-0798;Sjømåleren
sjoemaaleren-0799;Sjømåleren
sjoemaaleren-0800;Sjømåleren
sjoemaaleren-0801;Sjøskvett
sjoemaaleren-0896;Sjømåleren
sjoemaaleren-0897;Sjømåleren
sjoemaaleren-0898;Sjømåleren
sjoemaaleren-0899;Sjømåleren
sjoemaaleren-0901;Mb-5
sjoemaaleren-0996;Sjømåleren
sjoemaaleren-0997;Sjømåleren
sjoemaaleren-0998;Sjømåleren
sjoemaaleren-0999;Sjømåleren
sjoemaaleren-1097;Sjømåleren
sjoemaaleren-1098;Sjømåleren
sjoemaaleren-1099;Sjømåleren
sjoemaaleren-1100;Sjømåleren
sjoemaaleren-1197;Sjømåleren
sjoemaaleren-1198;Sjømåleren
sjoemaaleren-1199;Sjømåleren
sjoemaaleren-1200;Sjømåleren
sjoemaaleren-1297;Sjømåleren
sjoemaaleren-1298;Sjømåleren
sjoemaaleren-1299;Sjømåleren
sjoemaaleren-1300;Sjømåleren
sjoemaaleren-1397;Sjømåleren
sjoemaaleren-1398;Sjømåleren
sjoemaaleren-1399;Sjømåleren
sjoemaaleren-1400;Sjømåleren
sjoemaaleren-1497;Sjømåleren
sjoemaaleren-1498;Sjømåleren
sjoemaaleren-1499;Sjømåleren
sjoemaaleren-1500;Sjømåleren
sjoemaaleren-1597;Sjømåleren
sjoemaaleren-1598;Sjømåleren
sjoemaaleren-1599;Sjømåleren
sjoemaaleren-1600;Sjømåleren
sjoemaaleren-1697;Sjømåleren
sjoemaaleren-1698;Sjømåleren
sjoemaaleren-1699;Sjømåleren
sjoemaaleren-1700;Sjømåleren
sjoemaaleren-1798;Sjømåleren
sjoemaaleren-1799;Sjømåleren
sjoemaaleren-1800;Sjømåleren
sjoemaaleren-1898;Sjømåleren
sjoemaaleren-1899;Sjømåleren
sjoemaaleren-1900;Sjømåleren
sjoemaaleren-1998;Sjømåleren
sjoemaaleren-1999;Sjømåleren
sjoemaaleren-2000;Sjømåleren
sjoemaaleren-2098;Sjømåleren
sjoemaaleren-2099;Sjømåleren
sjoemaaleren-2100;Sjømåleren
sjoemaaleren-2198;Sjømåleren
sjoemaaleren-2199;Sjømåleren
sjoemaaleren-2200;Sjømåleren
sjoemaaleren-2298;Sjømåleren
sjoemaaleren-2299;Sjømåleren
sjoemaaleren-2300;Sjømåleren
sjoemaaleren-2398;Sjømåleren
sjoemaaleren-2399;Sjømåleren
sjoemaaleren-2400;Sjømåleren
sjoemaaleren-2498;Sjømåleren
sjoemaaleren-2499;Sjømåleren
sjoemaaleren-2500;Sjømåleren
sjoemaaleren-2598;Sjømåleren
sjoemaaleren-2599;Sjømåleren
sjoemaaleren-2600;Sjømåleren
sjoemaaleren-2698;Sjømåleren
sjoemaaleren-2699;Sjømåleren
sjoemaaleren-2700;Sjømåleren
sjoemaaleren-2798;Sjømåleren
sjoemaaleren-2799;Sjømåleren
sjoemaaleren-2800;Sjømåleren
sjoemaaleren-2898;Sjømåleren
sjoemaaleren-2899;Sjømåleren
sjoemaaleren-2900;Sjømåleren
sjoemaaleren-2998;Sjømåleren
sjoemaaleren-2999;Sjømåleren
sjoemaaleren-3000;Sjømåleren
sjoemaaleren-3098;Sjømåleren
sjoemaaleren-3099;Sjømåleren
sjoemaaleren-3100;Sjømåleren
sjoemaaleren-3198;Sjømåleren
sjoemaaleren-3199;Sjømåleren
sjoemaaleren-3200;Sjømåleren
sjoemaaleren-3298;Sjømåleren
sjoemaaleren-3299;Sjømåleren
sjoemaaleren-3300;Sjømåleren
sjoemaaleren-3398;Sjømåleren
sjoemaaleren-3399;Sjømåleren
sjoemaaleren-3400;Sjømåleren
sjoemaaleren-3498;Sjømåleren
sjoemaaleren-3499;Sjømåleren
sjoemaaleren-3500;Sjømåleren
sjoemaaleren-3598;Sjømåleren
sjoemaaleren-3599;Sjømåleren
sjoemaaleren-3600;Sjømåleren
sjoemaaleren-3698;Sjømåleren
sjoemaaleren-3700;Sjømåleren
sjoemaaleren-3798;Sjømåleren
sjoemaaleren-3799;Sjømåleren
sjoemaaleren-3800;Sjømåleren
sjoemaaleren-3900;Sjømåleren
sjoemaaleren-4000;Sjømåleren
sjoemaaleren-4100;Sjømåleren
sjoemaaleren-4200;Sjømåleren
sjoemaaleren-4300;Sjømåleren
sjoemaaleren-4400;Sjømåleren
sjoemaaleren-4500;Sjømåleren
sjoemaaleren-4600;Sjømåleren
sjoemaaleren-4800;Sjømåleren
sjoemaaleren-4900;Sjømåleren
sjoemaaleren-5000;Sjømåleren
sjoemaaleren-5100;Sjømåleren
sjoevern-0196;Mb-4
sjofalk-0105;Sjørokk
sjofalk-0106;Sjøfalk
sjofalk-0107;Sjøfalk
sjofalk-0108;Sjøfalk
sjofalk-0206;Sjøtroll
sjofalk-0207;Sjøfalk
sjofalk-0208;Sjøfalk
sjofalk-0305;Sjøfalk
sjofalk-0306;Sjøfalk
sjofalk-0307;Sjøfalk
sjofalk-0308;Sjøfalk
sjofalk-0405;Sjøfalk
sjofalk-0406;Sjøfalk
sjofalk-0407;Sjøfalk
sjofalk-0408;Sjøfalk
sjofalk-0505;Sjøfalk
sjofalk-0506;Sjøfalk
sjofalk-0507;Sjøfalk
sjofalk-0508;Sjøfalk
sjofalk-0605;Sjøfalk
sjofalk-0606;Sjøfalk
sjofalk-0608;Sjøfalk
sjofalk-0705;Sjøfalk
sjofalk-0706;Sjøfalk
sjofalk-0708;Sjøfalk
sjofalk-0805;Sjøfalk
sjofalk-0806;Sjøfalk
sjofalk-0808;Sjøfalk
sjofalk-0905;Sjøfalk
sjofalk-0906;Sjøfalk
sjofalk-0908;Sjøfalk
sjofalk-1005;Sjøfalk
sjofalk-1006;Sjøfalk
sjofalk-1008;Sjøfalk
sjofalk-1105;Sjøfalk
sjofalk-1106;Sjøfalk
sjofalk-1108;Sjøfalk
sjofalk-1205;Sjøfalk
sjofalk-1206;Sjøfalk
sjofalk-1208;Sjøfalk
sjofalk-1305;Sjøfalk
sjofalk-1306;Sjøfalk
sjofalk-1308;Sjøfalk
sjofalk-1405;Sjøfalk
sjofalk-1406;Sjøfalk
sjofalk-1408;Sjøfalk
sjofalk-1505;Sjøfalk
sjofalk-1506;Sjøfalk
sjofalk-1508;Sjøfalk
sjofalk-1605;Sjøfalk
sjofalk-1606;Sjøfalk
sjofalk-1608;Sjøfalk
sjofalk-1705;Sjøfalk
sjofalk-1706;Sjøfalk
sjofalk-1708;Sjøfalk
sjofalk-1805;Sjøfalk
sjofalk-1806;Sjøfalk
sjofalk-1808;Sjøfalk
sjofalk-1905;Sjøfalk
sjofalk-1908;Sjøfalk
sjofalk-2005;Sjøfalk
sjofalk-2008;Sjøfalk
sjofalk-2009-001;Sjøfalk
sjofalk-2009-002;Sjøfalk
sjofalk-2009-003;Sjøfalk
sjofalk-2009-004;Sjøfalk
sjofalk-2009-005;Sjøfalk
sjofalk-2009-006;Sjøfalk
sjofalk-2009-007;Sjøfalk
sjofalk-2009-008;Sjøfalk
sjofalk-2009-009;Sjøfalk
sjofalk-2009-010;Sjøfalk
sjofalk-2009-011;Sjøfalk
sjofalk-2009-012;Sjøfalk
sjofalk-2009-013;Sjøfalk
sjofalk-2009-014;Sjøfalk
sjofalk-2009-015;Sjøfalk
sjofalk-2009-016;Sjøfalk
sjofalk-2009-017;Sjøfalk
sjofalk-2009-018;Sjøfalk
sjofalk-2009-020;Sjøtroll
sjofalk-2009-021;Sjøtroll
sjofalk-2009-025;Sjøfalk
sjofalk-2010-003;Sjøfalk
sjofalk-2010-004;Sjøfalk
sjofalk-2010-006;Sjøfalk
sjofalk-2010-007;Sjøfalk
sjofalk-2010-008;Sjøfalk
sjofalk-2010-012;Sjøtroll
sjofalk-2010-013;Sjøfalk
sjofalk-2010-014;Sjøfalk
sjofalk-2010-016;Sjøfalk
sjofalk-2010-017;Sjøfalk
sjofalk-2010-019;Sjøfalk
sjofalk-2010-020;Sjøfalk
sjofalk-2010-021;Sjøfalk
sjofalk-2010-022;Sjøfalk
sjofalk-2010-023;Sjøfalk
sjofalk-2010-024;Sjøfalk
sjofalk-2010-025;Sjøfalk
sjofalk-2010-026;Sjøfalk
sjofalk-2010-027;Sjøtroll
sjofalk-2010-028;Sjøfalk
sjofalk-2010-029;Sjøfalk
sjofalk-2010-032;Sjøfalk
sjofalk-2010-033;Sjøfalk
sjofalk-2010-901;Sjøfalk
sjofalk-2011-001;Sjøfalk
sjofalk-2011-003;Sjøfalk
sjofalk-2011-004;Sjøfalk
sjofalk-2011-005;Sjøfalk
sjofalk-2011-006;Sjøfalk
sjofalk-2011-007;Sjøfalk
sjofalk-2011-008;Sjøfalk
sjofalk-2011-009;Sjøfalk
sjofalk-2011-010;Sjøfalk
sjofalk-2011-011;Sjøfalk
sjofalk-2011-012;Sjøfalk
sjofalk-2011-013;Sjøtroll
sjofalk-2011-014;Sjøfalk
sjofalk-2011-015;Sjøfalk
sjofalk-2011-016;Sjøfalk
sjofalk-2011-017;Sjøfalk
sjofalk-2011-018;Sjøfalk
sjofalk-2011-019;Sjøfalk
sjofalk-2011-020;Sjøfalk
sjofalk-2011-021;Sjøfalk
sjofalk-2011-022;Sjøfalk
sjofalk-2011-023;Sjøfalk
sjofalk-2011-024;Sjøfalk
sjofalk-2011-025;Sjøfalk
sjofalk-2011-027;Sjøfalk
sjofalk-2011-028;Sjøfalk
sjofalk-2011-029;Sjøfalk
sjofalk-2011-030;Sjøfalk
sjofalk-2011-031;Sjøfalk
sjofalk-2011-032;Sjøfalk
sjofalk-2011-033;Sjøfalk
sjofalk-2011-034;Sjøfalk
sjofalk-2011-035;Sjøfalk
sjofalk-2011-036;Sjøfalk
sjofalk-2011-037;Sjøfalk
sjofalk-2011-039;Sjøfalk
sjofalk-2011-040;Sjøfalk
sjofalk-2011-041;Sjøfalk
sjofalk-2011-042;Sjøfalk
sjofalk-2011-044;Sjøfalk
sjofalk-2011-045;Sjøfalk
sjofalk-2011-046;Sjøfalk
sjofalk-2011-047;Nøkken
sjofalk-2011-048;Nøkken
sjofalk-2011-049;Nøkken
sjofalk-2011-050;Nøkken
sjofalk-2011-051;Nøkken
sjofalk-2011-052;Sjøfalk
sjofalk-2011-053;Sjøfalk
sjofalk-2011-054;Sjøfalk
sjofalk-2011-055;Sjøfalk
sjofalk-2011-056;Sjøfalk
sjofalk-2011-057;Sjøfalk
sjofalk-2011-058;Sjøfalk
sjofalk-2011-060;Sjøfalk
sjofalk-2011-062;Sjøfalk
sjofalk-2011-063;Sjøfalk
sjofalk-2011-901;Sjøfalk
sjofalk-2011-902;Sjøfalk
sjofalk-2011-903;Sjøfalk
sjofalk-2011-904;Sjøfalk
sjofalk-2011-905;Sjøfalk
sjofalk-2012-001;Sjøtroll
sjofalk-2012-003;Sjøfalk
sjofalk-2012-005;Sjøtroll
sjofalk-2012-006;Sjøtroll
sjofalk-2012-007;Sjøtroll
sjofalk-2012-013;Sjøfalk
sjofalk-2012-014;Sjøfalk
sjofalk-2012-015;Sjøfalk
sjofalk-2012-016;Sjøfalk
sjofalk-2012-017;Sjøfalk
sjofalk-2012-018;Sjøfalk
sjofalk-2012-019;Sjøfalk
sjofalk-2012-020;Sjøfalk
sjofalk-2012-021;Sjøfalk
sjofalk-2012-022;Sjøfalk
sjofalk-2012-023;Sjøfalk
sjofalk-2012-024;Sjøfalk
sjofalk-2012-025;Sjøfalk
sjofalk-2012-026;Sjøfalk
sjofalk-2012-027;Sjøfalk
sjofalk-2012-028;Sjøfalk
sjofalk-2012-029;Sjøfalk
sjofalk-2012-030;Sjøfalk
sjofalk-2012-031;Sjøfalk
sjofalk-2012-032;Sjøfalk
sjofalk-2012-033;Sjøfalk
sjofalk-2012-034;Sjøfalk
sjofalk-2012-035;Sjøfalk
sjofalk-2012-036;Sjøfalk
sjofalk-2012-037;Sjøfalk
sjofalk-2012-038;Sjøfalk
sjofalk-2012-039;Sjøfalk
sjofalk-2012-040;Sjøfalk
sjofalk-2012-041;Sjøfalk
sjofalk-2012-042;Sjøfalk
sjofalk-2012-043;Sjøfalk
sjofalk-2012-044;Sjøtroll
sjofalk-2012-045;Sjøfalk
sjofalk-2012-046;Sjøfalk
sjofalk-2012-047;Sjøfalk
sjofalk-2012-048;Sjøfalk
sjofalk-2012-049;Sjøfalk
sjofalk-2012-902;Sjøfalk
sjofalk-2012-903;Sjøfalk
sjofalk-2012-904;Sjøfalk
sjofalk-2012-905;Sjøfalk
sjofalk-2012-906;Sjøfalk
sjofalk-2012-907;Sjøfalk
sjofalk-2013-001;Sjøtroll
sjofalk-2013-002;Sjøfalk
sjofalk-2013-003;Sjøfalk
sjofalk-2013-004;Sjøfalk
sjofalk-2013-006;Sjøfalk
sjofalk-2013-007;Sjøfalk
sjofalk-2013-009;Sjøtroll
sjofalk-2013-011;Sjøfalk
sjofalk-2013-012;Sjøfalk
sjofalk-2013-014;Sjøfalk
sjofalk-2013-017;Sjøfalk
sjofalk-2013-018;Sjøfalk
sjofalk-2013-019;Sjøfalk
sjofalk-2013-020;Sjøfalk
sjofalk-2013-021;Sjøfalk
sjofalk-2013-023;Sjøfalk
sjofalk-2013-024;Sjøfalk
sjofalk-2013-025;Sjøtroll
sjofalk-2105;Sjøfalk
sjofalk-2108;Sjøfalk
sjofalk-2205;Sjøfalk
sjofalk-2208;Sjøfalk
sjofalk-2308;Sjøfalk
sjofalk-2408;Sjøfalk
sjofalk-2508;Sjøfalk
sjofalk-2608;Sjøfalk
sjofalk-2708;Sjøfalk
sjofalk-2808;Sjøfalk
sjofalk-2908;Sjøfalk
sjofalk-3008;Sjøfalk
sjofalk-3108;Sjøfalk
sjofalk-3208;Sjøfalk
sjofalk-3308;Sjøfalk
sjofalk-3408;Sjøfalk
sjofalk-3508;Sjøfalk
sjotroll-0100;Mb-Sjøtroll
sjotroll-0200;Mb-Sjøtroll
sjotroll-2010-001;Sjøtroll
sjotroll-2010-002;Sjøfalk
sjotroll-2010-003;Sjøtroll
sjotroll-2010-004;Nøkken
sjotroll-2010-500;Sjøtroll
sjotroll-2010-501;Sjøtroll
sjotroll-2012-900;Sjøtroll
sverdrup-0100;HU Sverdrup II
sverdrup-0101;HU Sverdrup II
sverdrup-0102;HU Sverdrup II
sverdrup-0103;HU Sverdrup II
sverdrup-0104;HU Sverdrup II
sverdrup-0105;HU Sverdrup II
sverdrup-0106;HU Sverdrup II
sverdrup-0109;HU Sverdrup II
sverdrup-0200;HU Sverdrup II
sverdrup-0201;HU Sverdrup II
sverdrup-0202;HU Sverdrup II
sverdrup-0203;HU Sverdrup II
sverdrup-0204;HU Sverdrup II
sverdrup-0205;HU Sverdrup II
sverdrup-0208;HU Sverdrup II
sverdrup-0209;HU Sverdrup II
sverdrup-0300;HU Sverdrup II
sverdrup-0301;HU Sverdrup II
sverdrup-0302;HU Sverdrup II
sverdrup-0303;HU Sverdrup II
sverdrup-0304;HU Sverdrup II
sverdrup-0306;HU Sverdrup II
sverdrup-0307;HU Sverdrup II
sverdrup-0309;HU Sverdrup II
sverdrup-0400;HU Sverdrup II
sverdrup-0401;HU Sverdrup II
sverdrup-0402;HU Sverdrup II
sverdrup-0403;HU Sverdrup II
sverdrup-0404;HU Sverdrup II
sverdrup-0405;xxx (Ikke bruk)HU Sverdrup II
sverdrup-0409;HU Sverdrup II
sverdrup-0500;HU Sverdrup II
sverdrup-0501;HU Sverdrup II
sverdrup-0502;HU Sverdrup II
sverdrup-0503;HU Sverdrup II
sverdrup-0504;HU Sverdrup II
sverdrup-0505;HU Sverdrup II
sverdrup-0506;HU Sverdrup II
sverdrup-0600;HU Sverdrup II
sverdrup-0601;HU Sverdrup II
sverdrup-0602;HU Sverdrup II
sverdrup-0603;HU Sverdrup II
sverdrup-0604;HU Sverdrup II
sverdrup-0605;HU Sverdrup II
sverdrup-0606;HU Sverdrup II
sverdrup-0700;HU Sverdrup II
sverdrup-0701;HU Sverdrup II
sverdrup-0702;HU Sverdrup II
sverdrup-0704;HU Sverdrup II
sverdrup-0705;HU Sverdrup II
sverdrup-0706;HU Sverdrup II
sverdrup-0707;HU Sverdrup II
sverdrup-0708;HU Sverdrup II
sverdrup-0800;HU Sverdrup II
sverdrup-0801;HU Sverdrup II
sverdrup-0802;HU Sverdrup II
sverdrup-0804;HU Sverdrup II
sverdrup-0805;HU Sverdrup II
sverdrup-0806;HU Sverdrup II
sverdrup-0807;HU Sverdrup II
sverdrup-0900;HU Sverdrup II
sverdrup-0901;HU Sverdrup II
sverdrup-0902;HU Sverdrup II
sverdrup-0903;HU Sverdrup II
sverdrup-0904;HU Sverdrup II
sverdrup-0905;HU Sverdrup II
sverdrup-0906;HU Sverdrup II
sverdrup-0908;HU Sverdrup II
sverdrup-1000;HU Sverdrup II
sverdrup-1001;HU Sverdrup II
sverdrup-1002;HU Sverdrup II
sverdrup-1003;HU Sverdrup II
sverdrup-1004;HU Sverdrup II
sverdrup-1005;HU Sverdrup II
sverdrup-1006;HU Sverdrup II
sverdrup-1101;HU Sverdrup II
sverdrup-1102;HU Sverdrup II
sverdrup-1103;HU Sverdrup II
sverdrup-1104;HU Sverdrup II
sverdrup-1106;HU Sverdrup II
sverdrup-1107 FOR NAVIGASJONSFORMÅL;HU Sverdrup II
sverdrup-1201;HU Sverdrup II
sverdrup-1202;HU Sverdrup II
sverdrup-1203;HU Sverdrup II
sverdrup-1204;HU Sverdrup II
sverdrup-1205;HU Sverdrup II
sverdrup-1206;HU Sverdrup II
sverdrup-1207;HU Sverdrup II
sverdrup-1208;HU Sverdrup II
sverdrup-1301;HU Sverdrup II
sverdrup-1302;HU Sverdrup II
sverdrup-1303;HU Sverdrup II
sverdrup-1304;HU Sverdrup II
sverdrup-1305;HU Sverdrup II
sverdrup-1306;HU Sverdrup II
sverdrup-1401;HU Sverdrup II
sverdrup-1402;HU Sverdrup II
sverdrup-1403;HU Sverdrup II
sverdrup-1404;HU Sverdrup II
sverdrup-1405;HU Sverdrup II
sverdrup-1406;HU Sverdrup II
sverdrup-1501;HU Sverdrup II
sverdrup-1502;HU Sverdrup II
sverdrup-1504;HU Sverdrup II
sverdrup-1505;HU Sverdrup II
sverdrup-1506;HU Sverdrup II
sverdrup-1601;HU Sverdrup II
sverdrup-1602;HU Sverdrup II
sverdrup-1604;HU Sverdrup II
sverdrup-1606;HU Sverdrup II
sverdrup-1608;HU Sverdrup II
sverdrup-1701;HU Sverdrup II
sverdrup-1702;HU Sverdrup II
sverdrup-1704;HU Sverdrup II
sverdrup-1802;HU Sverdrup II
sverdrup-1804;HU Sverdrup II
sverdrup-1806;HU Sverdrup II
sverdrup-1806b;HU Sverdrup II
sverdrup-1807;HU Sverdrup II
sverdrup-1901;HU Sverdrup II
sverdrup-1902;HU Sverdrup II
sverdrup-1903;HU Sverdrup II
sverdrup-1904;HU Sverdrup II
sverdrup-1906;HU Sverdrup II
sverdrup-2001;HU Sverdrup II
sverdrup-2002;HU Sverdrup II
sverdrup-2003;HU Sverdrup II
sverdrup-2004;HU Sverdrup II
sverdrup-2006;HU Sverdrup II
sverdrup-2009-008;HU Sverdrup II
sverdrup-2009-010;HU Sverdrup II
sverdrup-2009-011;HU Sverdrup II
sverdrup-2009-015;HU Sverdrup II
sverdrup-2009-027;HU Sverdrup II
sverdrup-2009-029_Lundin;HU Sverdrup II
sverdrup-2009-030_Lundin;HU Sverdrup II
sverdrup-2010-002;HU Sverdrup II
sverdrup-2010-006;HU Sverdrup II
sverdrup-2010-009;HU Sverdrup II
sverdrup-2010-016;HU Sverdrup II
sverdrup-2010-017;HU Sverdrup II
sverdrup-2010-019;HU Sverdrup II
sverdrup-2010-033;HU Sverdrup II
sverdrup-2010-034;HU Sverdrup II
sverdrup-2011-001;HU Sverdrup II
sverdrup-2011-002;HU Sverdrup II
sverdrup-2011-003;HU Sverdrup II
sverdrup-2012-011;HU Sverdrup II
sverdrup-2012-019_Lundin;HU Sverdrup II
sverdrup-2012-020_Lundin;HU Sverdrup II
sverdrup-2012-022_Lundin;HU Sverdrup II
sverdrup-2013-007;HU Sverdrup II
sverdrup-2014-025;HU Sverdrup II
sverdrup-2016-010;HU Sverdrup II
sverdrup-2016-024;HU Sverdrup II
sverdrup-2017-007;HU Sverdrup II
sverdrup-2017-026-M;HU Sverdrup II
sverdrup-2017-027-M;HU Sverdrup II
sverdrup-2017-028-M;HU Sverdrup II
sverdrup-2017-029-M;HU Sverdrup II
sverdrup-2017-030-M;HU Sverdrup II
sverdrup-2017-031-M;HU Sverdrup II
sverdrup-2017-032-M;HU Sverdrup II
sverdrup-2017-033-M;HU Sverdrup II
sverdrup-2102;HU Sverdrup II
sverdrup-2103;HU Sverdrup II
sverdrup-2104;HU Sverdrup II
sverdrup-2106;HU Sverdrup II
sverdrup-2107;HU Sverdrup II
sverdrup-2202;HU Sverdrup II
sverdrup-2203;HU Sverdrup II
sverdrup-2204;HU Sverdrup II
sverdrup-2206;HU Sverdrup II
sverdrup-2207;HU Sverdrup II
sverdrup-2302;HU Sverdrup II
sverdrup-2303;HU Sverdrup II
sverdrup-2304;HU Sverdrup II
sverdrup-2306;HU Sverdrup II
sverdrup-2307;HU Sverdrup II
sverdrup-2402;HU Sverdrup II
sverdrup-2403;HU Sverdrup II
sverdrup-2404;HU Sverdrup II
sverdrup-2407;HU Sverdrup II
sverdrup-2408_Lundin;HU Sverdrup II
sverdrup-2502;HU Sverdrup II
sverdrup-2503;HU Sverdrup II
sverdrup-2503B;HU Sverdrup II
sverdrup-2504;HU Sverdrup II
sverdrup-2507;HU Sverdrup II
sverdrup-2602;HU Sverdrup II
sverdrup-2603;HU Sverdrup II
sverdrup-2702;HU Sverdrup II
sverdrup-2703;HU Sverdrup II
sverdrup-2802;HU Sverdrup II
sverdrup-2902;HU Sverdrup II
sverdrup-2903;HU Sverdrup II
sverdrup-3002;HU Sverdrup II
sverdrup-3003;HU Sverdrup II
test_laser_2002;LADS_Dash8
xi-233em-a;Geofjord
xi-233em-b;Geofjord
xi-233em-c;Geofjord
xiii-233em;Sjømåleren
xiii-234em;Sjømåleren
xiii-236em;Sjømåleren
